scientific_name	protein_acc	biosample_acc	target_acc	contig_acc	start_on_contig	end_on_contig	strand	element_symbol	element_name	type	scope	subtype	class	subclass	amr_method	pct_ref_coverage	pct_ref_identity	taxgroup_name	strain	serovar	element_length	reference_element_length	align_length	hmm_acc	hmm_description	geo_loc_name	isolation_source	epi_type	host	asm_acc	collection_date	Run	closest_reference_acc	closest_reference_name	rel_asm_cov	contig_coverage	asm_coverage	amrfinderplus_version	amrfinderplus_analysis_type	refgene_db_version	target_data_id	contig_url	protein_url
Pseudomonas aeruginosa	WP_023092413.1	SAMN19313486	PDT001577307.1	NZ_JAHERD010000003.1	790027	791220	-	blaPDC-37	class C beta-lactamase PDC-37	AMR	core	AMR	BETA-LACTAM	CEPHALOSPORIN	ALLELEP	100	100	Pseudomonas aeruginosa	PaLo514	NA	397	397	397	NF000422.6	PDC family class C beta-lactamase	Switzerland	NA	clinical	Homo sapiens	GCA_027855735.1	2018	NA	WP_023092413.1	class C beta-lactamase PDC-37	NA	NA	NA	3.11.2	COMBINED	2022-12-19.1	103278216	gs://ncbi-pathogen-assemblies/Pseudomonas_aeruginosa/1577/307/NZ_JAHERD010000003.1.fna.gz	gs://ncbi-pathogen-proteins/WP_/023/092/WP_023092413.1.faa.gz
Pseudomonas aeruginosa	WP_063865160.1	SAMN18511087	PDT001009339.1	NZ_JAGKLW010000081.1	3241	4140	-	blaVEB-5	extended-spectrum class A beta-lactamase VEB-5	AMR	core	AMR	BETA-LACTAM	CEPHALOSPORIN	ALLELEP	100	100	Pseudomonas aeruginosa	2020EL-00116	NA	299	299	299	NF000390.2	VEB family extended-spectrum class A beta-lactamase	USA	blood	clinical	Homo sapiens	GCA_018067405.1	2020	NA	WP_063865160.1	extended-spectrum class A beta-lactamase VEB-5	2.10526	80	38	3.11.14	COMBINED	2023-04-17.1	106133336	gs://ncbi-pathogen-assemblies/Pseudomonas_aeruginosa/1009/339/NZ_JAGKLW010000081.1.fna.gz	gs://ncbi-pathogen-proteins/WP_/063/865/WP_063865160.1.faa.gz
Pseudomonas aeruginosa	EIU4816943.1	SAMN18313852	PDT000985228.1	ABEUPX010000131.1	780	1580	+	blaOXA-677	OXA-10 family class D beta-lactamase OXA-677	AMR	core	AMR	BETA-LACTAM	BETA-LACTAM	ALLELEP	100	100	Pseudomonas aeruginosa	Pseudomonas_aeruginosa_2021CK-00665	NA	266	266	266	NF000386.2	OXA-10 family class D beta-lactamase	USA	urine	clinical	Homo sapiens	GCA_021665115.1	2020-11-04	SRR13965475	WP_122630859.1	OXA-10 family class D beta-lactamase OXA-677	2.40351	411	171	3.10.18	COMBINED	2021-12-21.1	83247336	gs://ncbi-pathogen-assemblies/Pseudomonas_aeruginosa/985/228/ABEUPX010000131.1.fna.gz	gs://ncbi-pathogen-proteins/EIU/481/694/EIU4816943.1.faa.gz
Pseudomonas aeruginosa	HCR1406320.1	SAMN31263445	PDT001471568.1	DAJRTV010000104.1	551	1744	+	blaPDC-124	class C beta-lactamase PDC-124	AMR	core	AMR	BETA-LACTAM	CEPHALOSPORIN	ALLELEP	100	100	Pseudomonas aeruginosa	AUSMDU00011895	NA	397	397	397	NF000422.6	PDC family class C beta-lactamase	Australia: Victoria	NA	clinical	Homo sapiens	GCA_025921605.1	2018	SRR21884603	WP_049239252.1	class C beta-lactamase PDC-124	0.89011	81	91	3.10.42	COMBINED	2022-10-11.2	97976926	gs://ncbi-pathogen-assemblies/Pseudomonas_aeruginosa/1471/568/DAJRTV010000104.1.fna.gz	gs://ncbi-pathogen-proteins/HCR/140/632/HCR1406320.1.faa.gz
Pseudomonas aeruginosa	EJX6682610.1	SAMN31152646	PDT001442358.1	ABIQHS010000076.1	27	824	+	blaVIM-80	subclass B1 metallo-beta-lactamase VIM-80	AMR	core	AMR	BETA-LACTAM	CARBAPENEM	ALLELEP	100	100	Pseudomonas aeruginosa	Pseudomonas_aeruginosa_2022CK-00520	NA	265	265	265	NF012100.0	VIM family subclass B1 metallo-beta-lactamase	USA	stool	clinical	Homo sapiens	GCA_025579705.1	2022-09-03	SRR21802875	WP_155684882.1	subclass B1 metallo-beta-lactamase VIM-80	0.736842	42	57	3.10.42	COMBINED	2022-08-09.1	97422826	gs://ncbi-pathogen-assemblies/Pseudomonas_aeruginosa/1442/358/ABIQHS010000076.1.fna.gz	gs://ncbi-pathogen-proteins/EJX/668/261/EJX6682610.1.faa.gz
Pseudomonas aeruginosa	HCF5775928.1	SAMN27566246	PDT001343870.1	DAHOTV010000162.1	2633	3433	+	blaOXA	OXA-10 family class D beta-lactamase	AMR	core	AMR	BETA-LACTAM	BETA-LACTAM	BLASTP	100	99.62	Pseudomonas aeruginosa	Pseudomonas aeruginosa ARLG-9265	NA	266	266	266	NF000386.2	OXA-10 family class D beta-lactamase	Saudi Arabia	respiratory	clinical	Homo sapiens	GCA_023958915.1	2019	SRR18768162	WP_000846390.1	oxacillin-hydrolyzing class D beta-lactamase OXA-10	0.176796	32	181	3.10.30	COMBINED	2022-05-26.1	95021526	gs://ncbi-pathogen-assemblies/Pseudomonas_aeruginosa/1343/870/DAHOTV010000162.1.fna.gz	gs://ncbi-pathogen-proteins/HCF/577/592/HCF5775928.1.faa.gz
Pseudomonas aeruginosa	WP_031691948.1	SAMN19313486	PDT001577307.1	NZ_JAHERD010000001.1	56472	57260	-	blaOXA-913	OXA-50 family oxacillin-hydrolyzing class D beta-lactamase OXA-913	AMR	core	AMR	BETA-LACTAM	BETA-LACTAM	ALLELEP	100	100	Pseudomonas aeruginosa	PaLo514	NA	262	262	262	NF000432.2	OXA-50 family oxacillin-hydrolyzing class D beta-lactamase	Switzerland	NA	clinical	Homo sapiens	GCA_027855735.1	2018	NA	WP_031691948.1	OXA-50 family oxacillin-hydrolyzing class D beta-lactamase OXA-913	NA	NA	NA	3.11.2	COMBINED	2022-12-19.1	103278216	gs://ncbi-pathogen-assemblies/Pseudomonas_aeruginosa/1577/307/NZ_JAHERD010000001.1.fna.gz	gs://ncbi-pathogen-proteins/WP_/031/691/WP_031691948.1.faa.gz
Pseudomonas aeruginosa	NA	SAMN10435931	PDT000904127.1	JADSQG010000014.1	79115	80305	-	blaPDC-37	class C beta-lactamase PDC-37	AMR	core	AMR	BETA-LACTAM	CEPHALOSPORIN	ALLELEX	100	100	Pseudomonas aeruginosa	PSA00095	NA	397	397	397	NA	NA	USA: Pittsburgh, Pennsylvania	urine	clinical	Homo sapiens	GCA_015737815.1	2017	NA	WP_023092413.1	class C beta-lactamase PDC-37	1.11111	50	45	3.10.18	NUCLEOTIDE	2021-12-21.1	82947706	gs://ncbi-pathogen-assemblies/Pseudomonas_aeruginosa/904/127/JADSQG010000014.1.fna.gz	NA
Pseudomonas aeruginosa	EJX6680872.1	SAMN31152646	PDT001442358.1	ABIQHS010000023.1	161	1024	-	blaGES-9	extended-spectrum class A beta-lactamase GES-9	AMR	core	AMR	BETA-LACTAM	CEPHALOSPORIN	ALLELEP	100	100	Pseudomonas aeruginosa	Pseudomonas_aeruginosa_2022CK-00520	NA	287	287	287	NF012103.0	GES family class A beta-lactamase	USA	stool	clinical	Homo sapiens	GCA_025579705.1	2022-09-03	SRR21802875	WP_063860520.1	extended-spectrum class A beta-lactamase GES-9	0.894737	51	57	3.10.42	COMBINED	2022-08-09.1	97422826	gs://ncbi-pathogen-assemblies/Pseudomonas_aeruginosa/1442/358/ABIQHS010000023.1.fna.gz	gs://ncbi-pathogen-proteins/EJX/668/087/EJX6680872.1.faa.gz
Pseudomonas aeruginosa	WP_034041053.1	SAMN04128495	PDT000096272.1	NZ_LLLM01000089.1	93323	94516	+	blaPDC-45	class C beta-lactamase PDC-45	AMR	core	AMR	BETA-LACTAM	CEPHALOSPORIN	ALLELEP	100	100	Pseudomonas aeruginosa	WH-SGI-V-07062	NA	397	397	397	NF000422.6	PDC family class C beta-lactamase	USA	hospital	NA	NA	GCA_001449345.1	1992	NA	WP_034041053.1	class C beta-lactamase PDC-45	1	25	25	3.11.2	COMBINED	2023-02-23.1	105375996	gs://ncbi-pathogen-assemblies/Pseudomonas_aeruginosa/96/272/NZ_LLLM01000089.1.fna.gz	gs://ncbi-pathogen-proteins/WP_/034/041/WP_034041053.1.faa.gz
Pseudomonas aeruginosa	WP_032492122.1	SAMN29843201	PDT001410830.1	NZ_CP101885.1	4639812	4640615	-	blaOXA-129	OXA-5 family class D beta-lactamase OXA-129	AMR	core	AMR	BETA-LACTAM	BETA-LACTAM	ALLELEP	100	100	Pseudomonas aeruginosa	M27432	NA	267	267	267	NF040527.1	OXA-5 family class D beta-lactamase	Argentina: Buenos Aires City	tracheal aspirate	clinical	Homo sapiens	GCA_024972855.1	2021-07-08	NA	WP_032492122.1	OXA-5 family class D beta-lactamase OXA-129	NA	NA	NA	3.10.40	COMBINED	2022-08-09.1	96867036	gs://ncbi-pathogen-assemblies/Pseudomonas_aeruginosa/1410/830/NZ_CP101885.1.fna.gz	gs://ncbi-pathogen-proteins/WP_/032/492/WP_032492122.1.faa.gz
Pseudomonas aeruginosa	HCF5775559.1	SAMN27566246	PDT001343870.1	DAHOTV010000108.1	661	1461	-	blaOXA	OXA-10 family class D beta-lactamase	AMR	core	AMR	BETA-LACTAM	BETA-LACTAM	BLASTP	100	99.62	Pseudomonas aeruginosa	Pseudomonas aeruginosa ARLG-9265	NA	266	266	266	NF000386.2	OXA-10 family class D beta-lactamase	Saudi Arabia	respiratory	clinical	Homo sapiens	GCA_023958915.1	2019	SRR18768162	WP_000846390.1	oxacillin-hydrolyzing class D beta-lactamase OXA-10	0.160221	29	181	3.10.30	COMBINED	2022-05-26.1	95021526	gs://ncbi-pathogen-assemblies/Pseudomonas_aeruginosa/1343/870/DAHOTV010000108.1.fna.gz	gs://ncbi-pathogen-proteins/HCF/577/555/HCF5775559.1.faa.gz
Pseudomonas aeruginosa	EJX6682733.1	SAMN31152646	PDT001442358.1	ABIQHS010000123.1	68	865	+	blaVIM-80	subclass B1 metallo-beta-lactamase VIM-80	AMR	core	AMR	BETA-LACTAM	CARBAPENEM	ALLELEP	100	100	Pseudomonas aeruginosa	Pseudomonas_aeruginosa_2022CK-00520	NA	265	265	265	NF012100.0	VIM family subclass B1 metallo-beta-lactamase	USA	stool	clinical	Homo sapiens	GCA_025579705.1	2022-09-03	SRR21802875	WP_155684882.1	subclass B1 metallo-beta-lactamase VIM-80	0.877193	50	57	3.10.42	COMBINED	2022-08-09.1	97422826	gs://ncbi-pathogen-assemblies/Pseudomonas_aeruginosa/1442/358/ABIQHS010000123.1.fna.gz	gs://ncbi-pathogen-proteins/EJX/668/273/EJX6682733.1.faa.gz
Pseudomonas aeruginosa	HBP3349088.1	SAMN14523648	PDT000753392.1	DAFROI010000022.1	65244	66437	+	blaPDC-103	class C beta-lactamase PDC-103	AMR	core	AMR	BETA-LACTAM	CEPHALOSPORIN	ALLELEP	100	100	Pseudomonas aeruginosa	NA	NA	397	397	397	NF000422.6	PDC family class C beta-lactamase	USA: Boston	tracheal aspirates from patient ventilator	clinical	Homo sapiens	GCA_021699555.1	2013-09-25	SRR11468001	WP_031690214.1	class C beta-lactamase PDC-103	0.934426	57	61	3.10.18	COMBINED	2021-12-21.1	83264606	gs://ncbi-pathogen-assemblies/Pseudomonas_aeruginosa/753/392/DAFROI010000022.1.fna.gz	gs://ncbi-pathogen-proteins/HBP/334/908/HBP3349088.1.faa.gz
Pseudomonas aeruginosa	HBP6123222.1	SAMN12768894	PDT000619033.1	DAFSDG010000031.1	79802	80542	-	blaIMP-26	subclass B1 metallo-beta-lactamase IMP-26	AMR	core	AMR	BETA-LACTAM	CARBAPENEM	ALLELEP	100	100	Pseudomonas aeruginosa	AUSMDU00008506	NA	246	246	246	NF012147.1	IMP family subclass B1 metallo-beta-lactamase	Australia	NA	clinical	Homo sapiens	GCA_021708735.1	2017	SRR10127096	WP_060614779.1	subclass B1 metallo-beta-lactamase IMP-26	1.04	78	75	3.10.18	COMBINED	2021-12-21.1	83269206	gs://ncbi-pathogen-assemblies/Pseudomonas_aeruginosa/619/033/DAFSDG010000031.1.fna.gz	gs://ncbi-pathogen-proteins/HBP/612/322/HBP6123222.1.faa.gz
Pseudomonas aeruginosa	EJX6682728.1	SAMN31152646	PDT001442358.1	ABIQHS010000120.1	2060	2683	+	blaOXA	OXA-10 family class D beta-lactamase	AMR	core	AMR	BETA-LACTAM	BETA-LACTAM	PARTIAL_CONTIG_ENDP	78.2	100	Pseudomonas aeruginosa	Pseudomonas_aeruginosa_2022CK-00520	NA	208	266	208	NA	NA	USA	stool	clinical	Homo sapiens	GCA_025579705.1	2022-09-03	SRR21802875	WP_000846390.1	oxacillin-hydrolyzing class D beta-lactamase OXA-10	0.719298	41	57	3.10.42	COMBINED	2022-08-09.1	97422826	gs://ncbi-pathogen-assemblies/Pseudomonas_aeruginosa/1442/358/ABIQHS010000120.1.fna.gz	gs://ncbi-pathogen-proteins/EJX/668/272/EJX6682728.1.faa.gz
Pseudomonas aeruginosa	WP_064483994.1	SAMN14453405	PDT000797715.1	NZ_JACEJG010000033.1	28406	29599	-	blaPDC-129	class C beta-lactamase PDC-129	AMR	core	AMR	BETA-LACTAM	CEPHALOSPORIN	ALLELEP	100	100	Pseudomonas aeruginosa	11112	NA	397	397	397	NF000422.6	PDC family class C beta-lactamase	United Kingdom	lung	clinical	Homo sapiens	GCA_013620525.1	2004	NA	WP_064483994.1	class C beta-lactamase PDC-129	NA	NA	NA	3.10.36	COMBINED	2022-08-09.1	96393566	gs://ncbi-pathogen-assemblies/Pseudomonas_aeruginosa/797/715/NZ_JACEJG010000033.1.fna.gz	gs://ncbi-pathogen-proteins/WP_/064/483/WP_064483994.1.faa.gz
Pseudomonas aeruginosa	NA	SAMN10435931	PDT000904127.1	JADSQG010000011.1	162380	163165	+	blaOXA-913	OXA-50 family oxacillin-hydrolyzing class D beta-lactamase OXA-913	AMR	core	AMR	BETA-LACTAM	BETA-LACTAM	ALLELEX	100	100	Pseudomonas aeruginosa	PSA00095	NA	262	262	262	NA	NA	USA: Pittsburgh, Pennsylvania	urine	clinical	Homo sapiens	GCA_015737815.1	2017	NA	WP_031691948.1	OXA-50 family oxacillin-hydrolyzing class D beta-lactamase OXA-913	1.2	54	45	3.10.18	NUCLEOTIDE	2021-12-21.1	82947706	gs://ncbi-pathogen-assemblies/Pseudomonas_aeruginosa/904/127/JADSQG010000011.1.fna.gz	NA
Pseudomonas aeruginosa	EIU4816708.1	SAMN18313852	PDT000985228.1	ABEUPX010000058.1	1	431	+	blaOXA	OXA-10 family class D beta-lactamase	AMR	core	AMR	BETA-LACTAM	BETA-LACTAM	PARTIAL_CONTIG_ENDP	53.38	100	Pseudomonas aeruginosa	Pseudomonas_aeruginosa_2021CK-00665	NA	142	266	142	NA	NA	USA	urine	clinical	Homo sapiens	GCA_021665115.1	2020-11-04	SRR13965475	WP_000846390.1	oxacillin-hydrolyzing class D beta-lactamase OXA-10	2.42105	414	171	3.10.18	COMBINED	2021-12-21.1	83247336	gs://ncbi-pathogen-assemblies/Pseudomonas_aeruginosa/985/228/ABEUPX010000058.1.fna.gz	gs://ncbi-pathogen-proteins/EIU/481/670/EIU4816708.1.faa.gz
Pseudomonas aeruginosa	HCR1402325.1	SAMN31263445	PDT001471568.1	DAJRTV010000008.1	85485	86678	+	blaPDC-124	class C beta-lactamase PDC-124	AMR	core	AMR	BETA-LACTAM	CEPHALOSPORIN	ALLELEP	100	100	Pseudomonas aeruginosa	AUSMDU00011895	NA	397	397	397	NF000422.6	PDC family class C beta-lactamase	Australia: Victoria	NA	clinical	Homo sapiens	GCA_025921605.1	2018	SRR21884603	WP_049239252.1	class C beta-lactamase PDC-124	1.0989	100	91	3.10.42	COMBINED	2022-10-11.2	97976926	gs://ncbi-pathogen-assemblies/Pseudomonas_aeruginosa/1471/568/DAJRTV010000008.1.fna.gz	gs://ncbi-pathogen-proteins/HCR/140/232/HCR1402325.1.faa.gz
Pseudomonas aeruginosa	WP_001334766.1	SAMN29843201	PDT001410830.1	NZ_CP101885.1	4468212	4469042	+	blaOXA-1	oxacillin-hydrolyzing class D beta-lactamase OXA-1	AMR	core	AMR	BETA-LACTAM	CEPHALOSPORIN	ALLELEP	100	100	Pseudomonas aeruginosa	M27432	NA	276	276	276	NF000388.2	OXA-1 family class D beta-lactamase	Argentina: Buenos Aires City	tracheal aspirate	clinical	Homo sapiens	GCA_024972855.1	2021-07-08	NA	WP_001334766.1	oxacillin-hydrolyzing class D beta-lactamase OXA-1	NA	NA	NA	3.10.40	COMBINED	2022-08-09.1	96867036	gs://ncbi-pathogen-assemblies/Pseudomonas_aeruginosa/1410/830/NZ_CP101885.1.fna.gz	gs://ncbi-pathogen-proteins/WP_/001/334/WP_001334766.1.faa.gz
Pseudomonas aeruginosa	HBP6125828.1	SAMN12768894	PDT000619033.1	DAFSDG010000205.1	12	752	+	blaIMP-26	subclass B1 metallo-beta-lactamase IMP-26	AMR	core	AMR	BETA-LACTAM	CARBAPENEM	ALLELEP	100	100	Pseudomonas aeruginosa	AUSMDU00008506	NA	246	246	246	NF012147.1	IMP family subclass B1 metallo-beta-lactamase	Australia	NA	clinical	Homo sapiens	GCA_021708735.1	2017	SRR10127096	WP_060614779.1	subclass B1 metallo-beta-lactamase IMP-26	1.06667	80	75	3.10.18	COMBINED	2021-12-21.1	83269206	gs://ncbi-pathogen-assemblies/Pseudomonas_aeruginosa/619/033/DAFSDG010000205.1.fna.gz	gs://ncbi-pathogen-proteins/HBP/612/582/HBP6125828.1.faa.gz
Pseudomonas aeruginosa	EKS1964856.1	SAMN34105341	PDT001681814.1	ABLKDX010000158.1	645	1385	+	blaIMP-62	subclass B1 metallo-beta-lactamase IMP-62	AMR	core	AMR	BETA-LACTAM	CARBAPENEM	ALLELEP	100	100	Pseudomonas aeruginosa	NA	NA	246	246	246	NF012147.1	IMP family subclass B1 metallo-beta-lactamase	USA	NA	clinical	Homo sapiens	GCA_029617585.1	2023	SRR24100046	WP_069280710.1	subclass B1 metallo-beta-lactamase IMP-62	2.84848	470	165	3.11.2	COMBINED	2023-02-23.1	105542786	gs://ncbi-pathogen-assemblies/Pseudomonas_aeruginosa/1681/814/ABLKDX010000158.1.fna.gz	gs://ncbi-pathogen-proteins/EKS/196/485/EKS1964856.1.faa.gz
Pseudomonas aeruginosa	EJX6682735.1	SAMN31152646	PDT001442358.1	ABIQHS010000124.1	68	865	+	blaVIM-80	subclass B1 metallo-beta-lactamase VIM-80	AMR	core	AMR	BETA-LACTAM	CARBAPENEM	ALLELEP	100	100	Pseudomonas aeruginosa	Pseudomonas_aeruginosa_2022CK-00520	NA	265	265	265	NF012100.0	VIM family subclass B1 metallo-beta-lactamase	USA	stool	clinical	Homo sapiens	GCA_025579705.1	2022-09-03	SRR21802875	WP_155684882.1	subclass B1 metallo-beta-lactamase VIM-80	0.789474	45	57	3.10.42	COMBINED	2022-08-09.1	97422826	gs://ncbi-pathogen-assemblies/Pseudomonas_aeruginosa/1442/358/ABIQHS010000124.1.fna.gz	gs://ncbi-pathogen-proteins/EJX/668/273/EJX6682735.1.faa.gz
Pseudomonas aeruginosa	EKS1964617.1	SAMN34105341	PDT001681814.1	ABLKDX010000097.1	3017	3757	-	blaIMP-62	subclass B1 metallo-beta-lactamase IMP-62	AMR	core	AMR	BETA-LACTAM	CARBAPENEM	ALLELEP	100	100	Pseudomonas aeruginosa	NA	NA	246	246	246	NF012147.1	IMP family subclass B1 metallo-beta-lactamase	USA	NA	clinical	Homo sapiens	GCA_029617585.1	2023	SRR24100046	WP_069280710.1	subclass B1 metallo-beta-lactamase IMP-62	3.05455	504	165	3.11.2	COMBINED	2023-02-23.1	105542786	gs://ncbi-pathogen-assemblies/Pseudomonas_aeruginosa/1681/814/ABLKDX010000097.1.fna.gz	gs://ncbi-pathogen-proteins/EKS/196/461/EKS1964617.1.faa.gz
Pseudomonas aeruginosa	EJX6682740.1	SAMN31152646	PDT001442358.1	ABIQHS010000126.1	400	1263	+	blaGES-9	extended-spectrum class A beta-lactamase GES-9	AMR	core	AMR	BETA-LACTAM	CEPHALOSPORIN	ALLELEP	100	100	Pseudomonas aeruginosa	Pseudomonas_aeruginosa_2022CK-00520	NA	287	287	287	NF012103.0	GES family class A beta-lactamase	USA	stool	clinical	Homo sapiens	GCA_025579705.1	2022-09-03	SRR21802875	WP_063860520.1	extended-spectrum class A beta-lactamase GES-9	0.526316	30	57	3.10.42	COMBINED	2022-08-09.1	97422826	gs://ncbi-pathogen-assemblies/Pseudomonas_aeruginosa/1442/358/ABIQHS010000126.1.fna.gz	gs://ncbi-pathogen-proteins/EJX/668/274/EJX6682740.1.faa.gz
Pseudomonas aeruginosa	WP_073668892.1	SAMN29843201	PDT001410830.1	NZ_CP101885.1	4510381	4511262	+	blaKPC-31	inhibitor-resistant extended-spectrum class A beta-lactamase KPC-31	AMR	core	AMR	BETA-LACTAM	CEPHALOSPORIN	ALLELEP	100	100	Pseudomonas aeruginosa	M27432	NA	293	293	293	NF012141.0	KPC family carbapenem-hydrolyzing class A beta-lactamase	Argentina: Buenos Aires City	tracheal aspirate	clinical	Homo sapiens	GCA_024972855.1	2021-07-08	NA	WP_073668892.1	inhibitor-resistant extended-spectrum class A beta-lactamase KPC-31	NA	NA	NA	3.10.40	COMBINED	2022-08-09.1	96867036	gs://ncbi-pathogen-assemblies/Pseudomonas_aeruginosa/1410/830/NZ_CP101885.1.fna.gz	gs://ncbi-pathogen-proteins/WP_/073/668/WP_073668892.1.faa.gz
Pseudomonas aeruginosa	HBP3351106.1	SAMN14523648	PDT000753392.1	DAFROI010000157.1	10320	11513	+	blaPDC-103	class C beta-lactamase PDC-103	AMR	core	AMR	BETA-LACTAM	CEPHALOSPORIN	ALLELEP	100	100	Pseudomonas aeruginosa	NA	NA	397	397	397	NF000422.6	PDC family class C beta-lactamase	USA: Boston	tracheal aspirates from patient ventilator	clinical	Homo sapiens	GCA_021699555.1	2013-09-25	SRR11468001	WP_031690214.1	class C beta-lactamase PDC-103	0.852459	52	61	3.10.18	COMBINED	2021-12-21.1	83264606	gs://ncbi-pathogen-assemblies/Pseudomonas_aeruginosa/753/392/DAFROI010000157.1.fna.gz	gs://ncbi-pathogen-proteins/HBP/335/110/HBP3351106.1.faa.gz
Pseudomonas aeruginosa	WP_023100808.1	SAMN04128745	PDT000096523.1	NZ_LLVC01000001.1	739471	740664	+	blaPDC-36	class C beta-lactamase PDC-36	AMR	core	AMR	BETA-LACTAM	CEPHALOSPORIN	ALLELEP	100	100	Pseudomonas aeruginosa	WH-SGI-V-07313	NA	397	397	397	NF000422.6	PDC family class C beta-lactamase	Tunisia	sputum	NA	NA	GCA_001454365.1	1998	NA	WP_023100808.1	class C beta-lactamase PDC-36	0.957447	45	47	3.11.2	COMBINED	2023-02-23.1	105378646	gs://ncbi-pathogen-assemblies/Pseudomonas_aeruginosa/96/523/NZ_LLVC01000001.1.fna.gz	gs://ncbi-pathogen-proteins/WP_/023/100/WP_023100808.1.faa.gz
Pseudomonas aeruginosa	HDP3514798.1	SAMN12369732	PDT001668277.1	DAOBFZ010000025.1	88872	90065	+	blaPDC-8	class C beta-lactamase PDC-8	AMR	core	AMR	BETA-LACTAM	CEPHALOSPORIN	ALLELEP	100	100	Pseudomonas aeruginosa	NA	NA	397	397	397	NF000422.6	PDC family class C beta-lactamase	Switzerland	Catheter	clinical	Homo sapiens	GCA_029397655.1	2010-06-18	SRR9842293	WP_003118203.1	class C beta-lactamase PDC-8	1.05814	91	86	3.11.2	COMBINED	2023-02-23.1	105221636	gs://ncbi-pathogen-assemblies/Pseudomonas_aeruginosa/1668/277/DAOBFZ010000025.1.fna.gz	gs://ncbi-pathogen-proteins/HDP/351/479/HDP3514798.1.faa.gz
Pseudomonas aeruginosa	NA	SAMN10436375	PDT000906822.1	JADTEI010000011.1	119766	120956	-	blaPDC-8	class C beta-lactamase PDC-8	AMR	core	AMR	BETA-LACTAM	CEPHALOSPORIN	ALLELEX	100	100	Pseudomonas aeruginosa	PSA00565	NA	397	397	397	NA	NA	USA: Pittsburgh, Pennsylvania	urine	clinical	Homo sapiens	GCA_015763645.1	2017	NA	WP_003118203.1	class C beta-lactamase PDC-8	0.871795	34	39	3.10.18	NUCLEOTIDE	2021-12-21.1	82991076	gs://ncbi-pathogen-assemblies/Pseudomonas_aeruginosa/906/822/JADTEI010000011.1.fna.gz	NA
Pseudomonas aeruginosa	HDP3516616.1	SAMN12369732	PDT001668277.1	DAOBFZ010000093.1	7003	8196	+	blaPDC-8	class C beta-lactamase PDC-8	AMR	core	AMR	BETA-LACTAM	CEPHALOSPORIN	ALLELEP	100	100	Pseudomonas aeruginosa	NA	NA	397	397	397	NF000422.6	PDC family class C beta-lactamase	Switzerland	Catheter	clinical	Homo sapiens	GCA_029397655.1	2010-06-18	SRR9842293	WP_003118203.1	class C beta-lactamase PDC-8	1.01163	87	86	3.11.2	COMBINED	2023-02-23.1	105221636	gs://ncbi-pathogen-assemblies/Pseudomonas_aeruginosa/1668/277/DAOBFZ010000093.1.fna.gz	gs://ncbi-pathogen-proteins/HDP/351/661/HDP3516616.1.faa.gz
Pseudomonas aeruginosa	WP_003118203.1	SAMN30438098	PDT001567120.1	NZ_CP106682.1	5677930	5679123	+	blaPDC-8	class C beta-lactamase PDC-8	AMR	core	AMR	BETA-LACTAM	CEPHALOSPORIN	ALLELEP	100	100	Pseudomonas aeruginosa	PALA13	NA	397	397	397	NF000422.6	PDC family class C beta-lactamase	United Kingdom: London	sputum	clinical	Homo sapiens	GCA_027570575.1	2019-08-07	NA	WP_003118203.1	class C beta-lactamase PDC-8	NA	NA	NA	3.11.2	COMBINED	2022-12-19.1	103095836	gs://ncbi-pathogen-assemblies/Pseudomonas_aeruginosa/1567/120/NZ_CP106682.1.fna.gz	gs://ncbi-pathogen-proteins/WP_/003/118/WP_003118203.1.faa.gz
Pseudomonas aeruginosa	WP_003118203.1	SAMN14271765	PDT000759606.1	NZ_JAATIL010000001.1	1511454	1512647	+	blaPDC-8	class C beta-lactamase PDC-8	AMR	core	AMR	BETA-LACTAM	CEPHALOSPORIN	ALLELEP	100	100	Pseudomonas aeruginosa	DVT415	NA	397	397	397	NF000422.6	PDC family class C beta-lactamase	USA: Pennsylvania, Pittsburgh	lung	clinical	Homo sapiens	GCA_013240425.1	NA	NA	WP_003118203.1	class C beta-lactamase PDC-8	NA	NA	NA	3.10.30	COMBINED	2022-05-26.1	95560996	gs://ncbi-pathogen-assemblies/Pseudomonas_aeruginosa/759/606/NZ_JAATIL010000001.1.fna.gz	gs://ncbi-pathogen-proteins/WP_/003/118/WP_003118203.1.faa.gz
Pseudomonas aeruginosa	WP_003118203.1	SAMN16656075	PDT001122693.1	NZ_CP064397.1	972326	973519	-	blaPDC-8	class C beta-lactamase PDC-8	AMR	core	AMR	BETA-LACTAM	CEPHALOSPORIN	ALLELEP	100	100	Pseudomonas aeruginosa	SRRSH1002	NA	397	397	397	NF000422.6	PDC family class C beta-lactamase	China:Hangzhou	NA	clinical	Homo sapiens	GCA_019857285.1	2018-09-14	NA	WP_003118203.1	class C beta-lactamase PDC-8	NA	NA	NA	3.10.40	COMBINED	2022-08-09.1	97301406	gs://ncbi-pathogen-assemblies/Pseudomonas_aeruginosa/1122/693/NZ_CP064397.1.fna.gz	gs://ncbi-pathogen-proteins/WP_/003/118/WP_003118203.1.faa.gz
Pseudomonas aeruginosa	WP_033990638.1	SAMN34441163	PDT001730359.1	NZ_JASAQG010000005.1	274959	276152	+	blaPDC-11	class C beta-lactamase PDC-11	AMR	core	AMR	BETA-LACTAM	CEPHALOSPORIN	ALLELEP	100	100	Pseudomonas aeruginosa	2-84	NA	397	397	397	NF000422.6	PDC family class C beta-lactamase	China: Beijing, Dongcheng	Chicken meat	environmental/other	NA	GCA_029988355.1	2020	NA	WP_033990638.1	class C beta-lactamase PDC-11	NA	NA	NA	3.11.14	COMBINED	2023-04-17.1	106178546	gs://ncbi-pathogen-assemblies/Pseudomonas_aeruginosa/1730/359/NZ_JASAQG010000005.1.fna.gz	gs://ncbi-pathogen-proteins/WP_/033/990/WP_033990638.1.faa.gz
Pseudomonas aeruginosa	HCF6236760.1	SAMN27566388	PDT001343807.1	DAHOWO010000013.1	85516	86709	+	blaPDC-11	class C beta-lactamase PDC-11	AMR	core	AMR	BETA-LACTAM	CEPHALOSPORIN	ALLELEP	100	100	Pseudomonas aeruginosa	Pseudomonas aeruginosa ARLG-9764	NA	397	397	397	NF000422.6	PDC family class C beta-lactamase	China	respiratory	clinical	Homo sapiens	GCA_023960335.1	2019	SRR18768099	WP_033990638.1	class C beta-lactamase PDC-11	1.22414	213	174	3.10.30	COMBINED	2022-05-26.1	95023696	gs://ncbi-pathogen-assemblies/Pseudomonas_aeruginosa/1343/807/DAHOWO010000013.1.fna.gz	gs://ncbi-pathogen-proteins/HCF/623/676/HCF6236760.1.faa.gz
Pseudomonas aeruginosa	HCF6238825.1	SAMN27566388	PDT001343807.1	DAHOWO010000100.1	85557	86750	+	blaPDC-11	class C beta-lactamase PDC-11	AMR	core	AMR	BETA-LACTAM	CEPHALOSPORIN	ALLELEP	100	100	Pseudomonas aeruginosa	Pseudomonas aeruginosa ARLG-9764	NA	397	397	397	NF000422.6	PDC family class C beta-lactamase	China	respiratory	clinical	Homo sapiens	GCA_023960335.1	2019	SRR18768099	WP_033990638.1	class C beta-lactamase PDC-11	1.22414	213	174	3.10.30	COMBINED	2022-05-26.1	95023696	gs://ncbi-pathogen-assemblies/Pseudomonas_aeruginosa/1343/807/DAHOWO010000100.1.fna.gz	gs://ncbi-pathogen-proteins/HCF/623/882/HCF6238825.1.faa.gz
Pseudomonas aeruginosa	NA	SAMN10436273	PDT000906906.1	JADTAS010000006.1	28471	29661	-	blaPDC-15	class C beta-lactamase PDC-15	AMR	core	AMR	BETA-LACTAM	CEPHALOSPORIN	ALLELEX	100	100	Pseudomonas aeruginosa	PSA00461	NA	397	397	397	NA	NA	USA: Pittsburgh, Pennsylvania	wound	clinical	Homo sapiens	GCA_015765345.1	2017	NA	WP_023114693.1	class C beta-lactamase PDC-15	1	28	28	3.10.18	NUCLEOTIDE	2021-12-21.1	82948466	gs://ncbi-pathogen-assemblies/Pseudomonas_aeruginosa/906/906/JADTAS010000006.1.fna.gz	NA
Pseudomonas aeruginosa	WP_019485213.1	SAMN12162696	PDT000540488.1	NZ_VIIF01000018.1	37792	38985	-	blaPDC-16	class C beta-lactamase PDC-16	AMR	core	AMR	BETA-LACTAM	CEPHALOSPORIN	ALLELEP	100	100	Pseudomonas aeruginosa	PASP368	NA	397	397	397	NF000422.6	PDC family class C beta-lactamase	Spain	blood	clinical	Homo sapiens	GCA_006704885.1	2008	NA	WP_019485213.1	class C beta-lactamase PDC-16	NA	NA	NA	3.10.40	COMBINED	2022-08-09.1	96986606	gs://ncbi-pathogen-assemblies/Pseudomonas_aeruginosa/540/488/NZ_VIIF01000018.1.fna.gz	gs://ncbi-pathogen-proteins/WP_/019/485/WP_019485213.1.faa.gz
Pseudomonas aeruginosa	NA	SAMN16982603	PDT000923431.1	JAEICH010000008.1	48719	49909	-	blaPDC-34	class C beta-lactamase PDC-34	AMR	core	AMR	BETA-LACTAM	CEPHALOSPORIN	ALLELEX	100	100	Pseudomonas aeruginosa	PSA01055	NA	397	397	397	NA	NA	USA: Pittsburgh, Pennsylvania	sputum	clinical	Homo sapiens	GCA_016341645.1	2019	NA	WP_003137570.1	class C beta-lactamase PDC-34	1.05263	40	38	3.10.18	NUCLEOTIDE	2021-12-21.1	82950816	gs://ncbi-pathogen-assemblies/Pseudomonas_aeruginosa/923/431/JAEICH010000008.1.fna.gz	NA
Pseudomonas aeruginosa	HCF5775814.1	SAMN27566246	PDT001343870.1	DAHOTV010000156.1	27104	28297	+	blaPDC-35	class C beta-lactamase PDC-35	AMR	core	AMR	BETA-LACTAM	CEPHALOSPORIN	ALLELEP	100	100	Pseudomonas aeruginosa	Pseudomonas aeruginosa ARLG-9265	NA	397	397	397	NF000422.6	PDC family class C beta-lactamase	Saudi Arabia	respiratory	clinical	Homo sapiens	GCA_023958915.1	2019	SRR18768162	WP_003093423.1	class C beta-lactamase PDC-35	1.30387	236	181	3.10.30	COMBINED	2022-05-26.1	95021526	gs://ncbi-pathogen-assemblies/Pseudomonas_aeruginosa/1343/870/DAHOTV010000156.1.fna.gz	gs://ncbi-pathogen-proteins/HCF/577/581/HCF5775814.1.faa.gz
Pseudomonas aeruginosa	HCF5771578.1	SAMN27566246	PDT001343870.1	DAHOTV010000012.1	27063	28256	+	blaPDC-35	class C beta-lactamase PDC-35	AMR	core	AMR	BETA-LACTAM	CEPHALOSPORIN	ALLELEP	100	100	Pseudomonas aeruginosa	Pseudomonas aeruginosa ARLG-9265	NA	397	397	397	NF000422.6	PDC family class C beta-lactamase	Saudi Arabia	respiratory	clinical	Homo sapiens	GCA_023958915.1	2019	SRR18768162	WP_003093423.1	class C beta-lactamase PDC-35	1.35912	246	181	3.10.30	COMBINED	2022-05-26.1	95021526	gs://ncbi-pathogen-assemblies/Pseudomonas_aeruginosa/1343/870/DAHOTV010000012.1.fna.gz	gs://ncbi-pathogen-proteins/HCF/577/157/HCF5771578.1.faa.gz
Pseudomonas aeruginosa	EIU4813539.1	SAMN18313852	PDT000985228.1	ABEUPX010000008.1	88531	89724	+	blaPDC-35	class C beta-lactamase PDC-35	AMR	core	AMR	BETA-LACTAM	CEPHALOSPORIN	ALLELEP	100	100	Pseudomonas aeruginosa	Pseudomonas_aeruginosa_2021CK-00665	NA	397	397	397	NF000422.6	PDC family class C beta-lactamase	USA	urine	clinical	Homo sapiens	GCA_021665115.1	2020-11-04	SRR13965475	WP_003093423.1	class C beta-lactamase PDC-35	1.18129	202	171	3.10.18	COMBINED	2021-12-21.1	83247336	gs://ncbi-pathogen-assemblies/Pseudomonas_aeruginosa/985/228/ABEUPX010000008.1.fna.gz	gs://ncbi-pathogen-proteins/EIU/481/353/EIU4813539.1.faa.gz
Pseudomonas aeruginosa	HBP6120266.1	SAMN12768894	PDT000619033.1	DAFSDG010000005.1	88531	89724	+	blaPDC-35	class C beta-lactamase PDC-35	AMR	core	AMR	BETA-LACTAM	CEPHALOSPORIN	ALLELEP	100	100	Pseudomonas aeruginosa	AUSMDU00008506	NA	397	397	397	NF000422.6	PDC family class C beta-lactamase	Australia	NA	clinical	Homo sapiens	GCA_021708735.1	2017	SRR10127096	WP_003093423.1	class C beta-lactamase PDC-35	1.06667	80	75	3.10.18	COMBINED	2021-12-21.1	83269206	gs://ncbi-pathogen-assemblies/Pseudomonas_aeruginosa/619/033/DAFSDG010000005.1.fna.gz	gs://ncbi-pathogen-proteins/HBP/612/026/HBP6120266.1.faa.gz
Pseudomonas aeruginosa	HBP6125738.1	SAMN12768894	PDT000619033.1	DAFSDG010000199.1	11217	12410	+	blaPDC-35	class C beta-lactamase PDC-35	AMR	core	AMR	BETA-LACTAM	CEPHALOSPORIN	ALLELEP	100	100	Pseudomonas aeruginosa	AUSMDU00008506	NA	397	397	397	NF000422.6	PDC family class C beta-lactamase	Australia	NA	clinical	Homo sapiens	GCA_021708735.1	2017	SRR10127096	WP_003093423.1	class C beta-lactamase PDC-35	1.06667	80	75	3.10.18	COMBINED	2021-12-21.1	83269206	gs://ncbi-pathogen-assemblies/Pseudomonas_aeruginosa/619/033/DAFSDG010000199.1.fna.gz	gs://ncbi-pathogen-proteins/HBP/612/573/HBP6125738.1.faa.gz
Pseudomonas aeruginosa	WP_003093423.1	SAMN29843201	PDT001410830.1	NZ_CP101885.1	933872	935065	-	blaPDC-35	class C beta-lactamase PDC-35	AMR	core	AMR	BETA-LACTAM	CEPHALOSPORIN	ALLELEP	100	100	Pseudomonas aeruginosa	M27432	NA	397	397	397	NF000422.6	PDC family class C beta-lactamase	Argentina: Buenos Aires City	tracheal aspirate	clinical	Homo sapiens	GCA_024972855.1	2021-07-08	NA	WP_003093423.1	class C beta-lactamase PDC-35	NA	NA	NA	3.10.40	COMBINED	2022-08-09.1	96867036	gs://ncbi-pathogen-assemblies/Pseudomonas_aeruginosa/1410/830/NZ_CP101885.1.fna.gz	gs://ncbi-pathogen-proteins/WP_/003/093/WP_003093423.1.faa.gz
Pseudomonas aeruginosa	EIU4816815.1	SAMN18313852	PDT000985228.1	ABEUPX010000124.1	29508	30701	+	blaPDC-35	class C beta-lactamase PDC-35	AMR	core	AMR	BETA-LACTAM	CEPHALOSPORIN	ALLELEP	100	100	Pseudomonas aeruginosa	Pseudomonas_aeruginosa_2021CK-00665	NA	397	397	397	NF000422.6	PDC family class C beta-lactamase	USA	urine	clinical	Homo sapiens	GCA_021665115.1	2020-11-04	SRR13965475	WP_003093423.1	class C beta-lactamase PDC-35	1.10526	189	171	3.10.18	COMBINED	2021-12-21.1	83247336	gs://ncbi-pathogen-assemblies/Pseudomonas_aeruginosa/985/228/ABEUPX010000124.1.fna.gz	gs://ncbi-pathogen-proteins/EIU/481/681/EIU4816815.1.faa.gz
Pseudomonas aeruginosa	WP_003093423.1	SAMN18511087	PDT001009339.1	NZ_JAGKLW010000009.1	78897	80090	-	blaPDC-35	class C beta-lactamase PDC-35	AMR	core	AMR	BETA-LACTAM	CEPHALOSPORIN	ALLELEP	100	100	Pseudomonas aeruginosa	2020EL-00116	NA	397	397	397	NF000422.6	PDC family class C beta-lactamase	USA	blood	clinical	Homo sapiens	GCA_018067405.1	2020	NA	WP_003093423.1	class C beta-lactamase PDC-35	0.868421	33	38	3.11.14	COMBINED	2023-04-17.1	106133336	gs://ncbi-pathogen-assemblies/Pseudomonas_aeruginosa/1009/339/NZ_JAGKLW010000009.1.fna.gz	gs://ncbi-pathogen-proteins/WP_/003/093/WP_003093423.1.faa.gz
Pseudomonas aeruginosa	HCF7512866.1	SAMN27565631	PDT001343630.1	DAHPEI010000017.1	27314	28507	+	blaPDC-35	class C beta-lactamase PDC-35	AMR	core	AMR	BETA-LACTAM	CEPHALOSPORIN	ALLELEP	100	100	Pseudomonas aeruginosa	Pseudomonas aeruginosa ARLG-10288	NA	397	397	397	NF000422.6	PDC family class C beta-lactamase	USA	urine	clinical	Homo sapiens	GCA_023964375.1	2018	SRR18767922	WP_003093423.1	class C beta-lactamase PDC-35	1.1066	218	197	3.10.30	COMBINED	2022-05-26.1	95024996	gs://ncbi-pathogen-assemblies/Pseudomonas_aeruginosa/1343/630/DAHPEI010000017.1.fna.gz	gs://ncbi-pathogen-proteins/HCF/751/286/HCF7512866.1.faa.gz
Pseudomonas aeruginosa	HCF7515903.1	SAMN27565631	PDT001343630.1	DAHPEI010000142.1	27355	28548	+	blaPDC-35	class C beta-lactamase PDC-35	AMR	core	AMR	BETA-LACTAM	CEPHALOSPORIN	ALLELEP	100	100	Pseudomonas aeruginosa	Pseudomonas aeruginosa ARLG-10288	NA	397	397	397	NF000422.6	PDC family class C beta-lactamase	USA	urine	clinical	Homo sapiens	GCA_023964375.1	2018	SRR18767922	WP_003093423.1	class C beta-lactamase PDC-35	1.11675	220	197	3.10.30	COMBINED	2022-05-26.1	95024996	gs://ncbi-pathogen-assemblies/Pseudomonas_aeruginosa/1343/630/DAHPEI010000142.1.fna.gz	gs://ncbi-pathogen-proteins/HCF/751/590/HCF7515903.1.faa.gz
Pseudomonas aeruginosa	WP_003132320.1	SAMN19868454	PDT001454988.1	NZ_JAHVZT010000001.1	116802	117995	-	blaPDC-19a	class C beta-lactamase PDC-19a	AMR	core	AMR	BETA-LACTAM	CEPHALOSPORIN	ALLELEP	100	100	Pseudomonas aeruginosa	ps154	NA	397	397	397	NF000422.6	PDC family class C beta-lactamase	Saudi Arabia: Riyadh	NA	clinical	Homo sapiens	GCA_025696865.1	NA	NA	WP_003132320.1	class C beta-lactamase PDC-19a	NA	NA	NA	3.10.42	COMBINED	2022-10-11.2	97644176	gs://ncbi-pathogen-assemblies/Pseudomonas_aeruginosa/1454/988/NZ_JAHVZT010000001.1.fna.gz	gs://ncbi-pathogen-proteins/WP_/003/132/WP_003132320.1.faa.gz
Pseudomonas aeruginosa	EJX6682702.1	SAMN31152646	PDT001442358.1	ABIQHS010000114.1	73	1266	+	blaPDC-19a	class C beta-lactamase PDC-19a	AMR	core	AMR	BETA-LACTAM	CEPHALOSPORIN	ALLELEP	100	100	Pseudomonas aeruginosa	Pseudomonas_aeruginosa_2022CK-00520	NA	397	397	397	NF000422.6	PDC family class C beta-lactamase	USA	stool	clinical	Homo sapiens	GCA_025579705.1	2022-09-03	SRR21802875	WP_003132320.1	class C beta-lactamase PDC-19a	0.982456	56	57	3.10.42	COMBINED	2022-08-09.1	97422826	gs://ncbi-pathogen-assemblies/Pseudomonas_aeruginosa/1442/358/ABIQHS010000114.1.fna.gz	gs://ncbi-pathogen-proteins/EJX/668/270/EJX6682702.1.faa.gz
Pseudomonas aeruginosa	WP_003132320.1	SAMN10822013	PDT000460163.1	NZ_SDVQ01000035.1	67372	68565	-	blaPDC-19a	class C beta-lactamase PDC-19a	AMR	core	AMR	BETA-LACTAM	CEPHALOSPORIN	ALLELEP	100	100	Pseudomonas aeruginosa	M59	NA	397	397	397	NF000422.6	PDC family class C beta-lactamase	Mexico: Cuatro Cienegas	surface water	NA	NA	GCA_004123415.1	2011-10	NA	WP_003132320.1	class C beta-lactamase PDC-19a	NA	NA	NA	3.11.2	COMBINED	2023-02-23.1	105109566	gs://ncbi-pathogen-assemblies/Pseudomonas_aeruginosa/460/163/NZ_SDVQ01000035.1.fna.gz	gs://ncbi-pathogen-proteins/WP_/003/132/WP_003132320.1.faa.gz
Pseudomonas aeruginosa	EJX6678398.1	SAMN31152646	PDT001442358.1	ABIQHS010000007.1	90164	91357	+	blaPDC-19a	class C beta-lactamase PDC-19a	AMR	core	AMR	BETA-LACTAM	CEPHALOSPORIN	ALLELEP	100	100	Pseudomonas aeruginosa	Pseudomonas_aeruginosa_2022CK-00520	NA	397	397	397	NF000422.6	PDC family class C beta-lactamase	USA	stool	clinical	Homo sapiens	GCA_025579705.1	2022-09-03	SRR21802875	WP_003132320.1	class C beta-lactamase PDC-19a	1.07018	61	57	3.10.42	COMBINED	2022-08-09.1	97422826	gs://ncbi-pathogen-assemblies/Pseudomonas_aeruginosa/1442/358/ABIQHS010000007.1.fna.gz	gs://ncbi-pathogen-proteins/EJX/667/839/EJX6678398.1.faa.gz
Pseudomonas aeruginosa	HCF5775768.1	SAMN27566246	PDT001343870.1	DAHOTV010000155.1	27104	28297	+	blaPDC	PDC family class C beta-lactamase	AMR	core	AMR	BETA-LACTAM	CEPHALOSPORIN	BLASTP	100	99.5	Pseudomonas aeruginosa	Pseudomonas aeruginosa ARLG-9265	NA	397	397	397	NF000422.6	PDC family class C beta-lactamase	Saudi Arabia	respiratory	clinical	Homo sapiens	GCA_023958915.1	2019	SRR18768162	WP_003093423.1	class C beta-lactamase PDC-35	1.32597	240	181	3.10.30	COMBINED	2022-05-26.1	95021526	gs://ncbi-pathogen-assemblies/Pseudomonas_aeruginosa/1343/870/DAHOTV010000155.1.fna.gz	gs://ncbi-pathogen-proteins/HCF/577/576/HCF5775768.1.faa.gz
Pseudomonas aeruginosa	HDQ8632727.1	SAMN28905168	PDT001684381.1	DAOGCT010000041.1	15867	17051	+	blaPDC	PDC family class C beta-lactamase	AMR	core	AMR	BETA-LACTAM	CEPHALOSPORIN	BLASTP	100	98.74	Pseudomonas aeruginosa	CFRL18	NA	394	397	397	NF000422.6	PDC family class C beta-lactamase	USA:New Hampshire	bronchoalveolar lavage fluid	clinical	Homo sapiens	GCA_029632225.1	2015/2018	SRR19575280	WP_029610673.1	class C beta-lactamase PDC-109	1.05965	302	285	3.11.2	COMBINED	2023-02-23.1	105549206	gs://ncbi-pathogen-assemblies/Pseudomonas_aeruginosa/1684/381/DAOGCT010000041.1.fna.gz	gs://ncbi-pathogen-proteins/HDQ/863/272/HDQ8632727.1.faa.gz
Pseudomonas aeruginosa	HDQ8632026.1	SAMN28905168	PDT001684381.1	DAOGCT010000012.1	5397	6581	+	blaPDC	PDC family class C beta-lactamase	AMR	core	AMR	BETA-LACTAM	CEPHALOSPORIN	BLASTP	100	98.74	Pseudomonas aeruginosa	CFRL18	NA	394	397	397	NF000422.6	PDC family class C beta-lactamase	USA:New Hampshire	bronchoalveolar lavage fluid	clinical	Homo sapiens	GCA_029632225.1	2015/2018	SRR19575280	WP_029610673.1	class C beta-lactamase PDC-109	1.0807	308	285	3.11.2	COMBINED	2023-02-23.1	105549206	gs://ncbi-pathogen-assemblies/Pseudomonas_aeruginosa/1684/381/DAOGCT010000012.1.fna.gz	gs://ncbi-pathogen-proteins/HDQ/863/202/HDQ8632026.1.faa.gz
Pseudomonas aeruginosa	HBO0056503.1	SAMN16632679	PDT001211695.1	DAFOKL010000061.1	54	854	+	blaVIM-2	subclass B1 metallo-beta-lactamase VIM-2	AMR	core	AMR	BETA-LACTAM	CARBAPENEM	ALLELEP	100	100	Pseudomonas aeruginosa	NA	NA	266	266	266	NF012100.0	VIM family subclass B1 metallo-beta-lactamase	Belgium: Jette	Bronchial aspirate	clinical	Homo sapiens	GCA_021592885.1	2019-07-22	SRR13131547	WP_003108247.1	subclass B1 metallo-beta-lactamase VIM-2	0.592287	215	363	3.10.18	COMBINED	2021-12-21.1	83191536	gs://ncbi-pathogen-assemblies/Pseudomonas_aeruginosa/1211/695/DAFOKL010000061.1.fna.gz	gs://ncbi-pathogen-proteins/HBO/005/650/HBO0056503.1.faa.gz
Pseudomonas aeruginosa	EKB7335828.1	SAMN31609876	PDT001476656.1	ABJEJI010000104.1	16115	16915	+	blaVIM-2	subclass B1 metallo-beta-lactamase VIM-2	AMR	core	AMR	BETA-LACTAM	CARBAPENEM	ALLELEP	100	100	Pseudomonas aeruginosa	2022GN-00414	NA	266	266	266	NF012100.0	VIM family subclass B1 metallo-beta-lactamase	USA	Rectal Swab	clinical	Homo sapiens	GCA_026046155.1	2022	SRR22195281	WP_003108247.1	subclass B1 metallo-beta-lactamase VIM-2	1.23214	69	56	3.10.42	COMBINED	2022-10-11.2	98174616	gs://ncbi-pathogen-assemblies/Pseudomonas_aeruginosa/1476/656/ABJEJI010000104.1.fna.gz	gs://ncbi-pathogen-proteins/EKB/733/582/EKB7335828.1.faa.gz
Pseudomonas aeruginosa	HBO0056955.1	SAMN16632679	PDT001211695.1	DAFOKL010000083.1	95	895	+	blaVIM-2	subclass B1 metallo-beta-lactamase VIM-2	AMR	core	AMR	BETA-LACTAM	CARBAPENEM	ALLELEP	100	100	Pseudomonas aeruginosa	NA	NA	266	266	266	NF012100.0	VIM family subclass B1 metallo-beta-lactamase	Belgium: Jette	Bronchial aspirate	clinical	Homo sapiens	GCA_021592885.1	2019-07-22	SRR13131547	WP_003108247.1	subclass B1 metallo-beta-lactamase VIM-2	0.539945	196	363	3.10.18	COMBINED	2021-12-21.1	83191536	gs://ncbi-pathogen-assemblies/Pseudomonas_aeruginosa/1211/695/DAFOKL010000083.1.fna.gz	gs://ncbi-pathogen-proteins/HBO/005/695/HBO0056955.1.faa.gz
Pseudomonas aeruginosa	EKB7329676.1	SAMN31609876	PDT001476656.1	ABJEJI010000001.1	381744	382544	+	blaVIM-2	subclass B1 metallo-beta-lactamase VIM-2	AMR	core	AMR	BETA-LACTAM	CARBAPENEM	ALLELEP	100	100	Pseudomonas aeruginosa	2022GN-00414	NA	266	266	266	NF012100.0	VIM family subclass B1 metallo-beta-lactamase	USA	Rectal Swab	clinical	Homo sapiens	GCA_026046155.1	2022	SRR22195281	WP_003108247.1	subclass B1 metallo-beta-lactamase VIM-2	1.28571	72	56	3.10.42	COMBINED	2022-10-11.2	98174616	gs://ncbi-pathogen-assemblies/Pseudomonas_aeruginosa/1476/656/ABJEJI010000001.1.fna.gz	gs://ncbi-pathogen-proteins/EKB/732/967/EKB7329676.1.faa.gz
Pseudomonas aeruginosa	HBO0054427.1	SAMN16632679	PDT001211695.1	DAFOKL010000014.1	93281	94474	+	blaPDC-3	class C extended-spectrum beta-lactamase PDC-3	AMR	core	AMR	BETA-LACTAM	CEPHALOSPORIN	ALLELEP	100	100	Pseudomonas aeruginosa	NA	NA	397	397	397	NF000422.6	PDC family class C beta-lactamase	Belgium: Jette	Bronchial aspirate	clinical	Homo sapiens	GCA_021592885.1	2019-07-22	SRR13131547	WP_003121934.1	class C extended-spectrum beta-lactamase PDC-3	1.12121	407	363	3.10.18	COMBINED	2021-12-21.1	83191536	gs://ncbi-pathogen-assemblies/Pseudomonas_aeruginosa/1211/695/DAFOKL010000014.1.fna.gz	gs://ncbi-pathogen-proteins/HBO/005/442/HBO0054427.1.faa.gz
Pseudomonas aeruginosa	HBO9090651.1	SAMN07661454	PDT000768060.1	DAFQNW010000223.1	212	1405	+	blaPDC-3	class C extended-spectrum beta-lactamase PDC-3	AMR	core	AMR	BETA-LACTAM	CEPHALOSPORIN	ALLELEP	100	100	Pseudomonas aeruginosa	6359	NA	397	397	397	NF000422.6	PDC family class C beta-lactamase	Slovenia	respiratory sample	clinical	Homo sapiens	GCA_021680055.1	2014	SRR6048094	WP_003121934.1	class C extended-spectrum beta-lactamase PDC-3	0.730769	19	26	3.10.18	COMBINED	2021-12-21.1	83255706	gs://ncbi-pathogen-assemblies/Pseudomonas_aeruginosa/768/060/DAFQNW010000223.1.fna.gz	gs://ncbi-pathogen-proteins/HBO/909/065/HBO9090651.1.faa.gz
Pseudomonas aeruginosa	NA	SAMN16982704	PDT000923516.1	JAEHYK010000017.1	77676	78866	-	blaPDC-3	class C extended-spectrum beta-lactamase PDC-3	AMR	core	AMR	BETA-LACTAM	CEPHALOSPORIN	ALLELEX	100	100	Pseudomonas aeruginosa	PSA01171	NA	397	397	397	NA	NA	USA: Pittsburgh, Pennsylvania	sputum	clinical	Homo sapiens	GCA_016344025.1	2019	NA	WP_003121934.1	class C extended-spectrum beta-lactamase PDC-3	0.938776	46	49	3.10.18	NUCLEOTIDE	2021-12-21.1	82976176	gs://ncbi-pathogen-assemblies/Pseudomonas_aeruginosa/923/516/JAEHYK010000017.1.fna.gz	NA
Pseudomonas aeruginosa	HBO9090058.1	SAMN07661454	PDT000768060.1	DAFQNW010000112.1	1806	2999	-	blaPDC-3	class C extended-spectrum beta-lactamase PDC-3	AMR	core	AMR	BETA-LACTAM	CEPHALOSPORIN	ALLELEP	100	100	Pseudomonas aeruginosa	6359	NA	397	397	397	NF000422.6	PDC family class C beta-lactamase	Slovenia	respiratory sample	clinical	Homo sapiens	GCA_021680055.1	2014	SRR6048094	WP_003121934.1	class C extended-spectrum beta-lactamase PDC-3	1.07692	28	26	3.10.18	COMBINED	2021-12-21.1	83255706	gs://ncbi-pathogen-assemblies/Pseudomonas_aeruginosa/768/060/DAFQNW010000112.1.fna.gz	gs://ncbi-pathogen-proteins/HBO/909/005/HBO9090058.1.faa.gz
Pseudomonas aeruginosa	NA	SAMN10436158	PDT000903899.1	JADSMG010000017.1	5425	6615	+	blaPDC-3	class C extended-spectrum beta-lactamase PDC-3	AMR	core	AMR	BETA-LACTAM	CEPHALOSPORIN	ALLELEX	100	100	Pseudomonas aeruginosa	PSA00333	NA	397	397	397	NA	NA	USA: Pittsburgh, Pennsylvania	urine	clinical	Homo sapiens	GCA_015733265.1	2017	NA	WP_003121934.1	class C extended-spectrum beta-lactamase PDC-3	0.983051	58	59	3.10.18	NUCLEOTIDE	2021-12-21.1	82971896	gs://ncbi-pathogen-assemblies/Pseudomonas_aeruginosa/903/899/JADSMG010000017.1.fna.gz	NA
Pseudomonas aeruginosa	HBO0056656.1	SAMN16632679	PDT001211695.1	DAFOKL010000073.1	42496	43689	+	blaPDC-3	class C extended-spectrum beta-lactamase PDC-3	AMR	core	AMR	BETA-LACTAM	CEPHALOSPORIN	ALLELEP	100	100	Pseudomonas aeruginosa	NA	NA	397	397	397	NF000422.6	PDC family class C beta-lactamase	Belgium: Jette	Bronchial aspirate	clinical	Homo sapiens	GCA_021592885.1	2019-07-22	SRR13131547	WP_003121934.1	class C extended-spectrum beta-lactamase PDC-3	1.12672	409	363	3.10.18	COMBINED	2021-12-21.1	83191536	gs://ncbi-pathogen-assemblies/Pseudomonas_aeruginosa/1211/695/DAFOKL010000073.1.fna.gz	gs://ncbi-pathogen-proteins/HBO/005/665/HBO0056656.1.faa.gz
Pseudomonas aeruginosa	NA	SAMN10436221	PDT000906958.1	JADTBZ010000021.1	5403	6593	+	blaPDC-5	class C extended-spectrum beta-lactamase PDC-5	AMR	core	AMR	BETA-LACTAM	CEPHALOSPORIN	ALLELEX	100	100	Pseudomonas aeruginosa	PSA00405	NA	397	397	397	NA	NA	USA: Pittsburgh, Pennsylvania	bronch	clinical	Homo sapiens	GCA_015766415.1	2017	NA	WP_003119095.1	class C extended-spectrum beta-lactamase PDC-5	0.968254	61	63	3.10.18	NUCLEOTIDE	2021-12-21.1	82973666	gs://ncbi-pathogen-assemblies/Pseudomonas_aeruginosa/906/958/JADTBZ010000021.1.fna.gz	NA
Pseudomonas aeruginosa	EKB7331771.1	SAMN31609876	PDT001476656.1	ABJEJI010000010.1	90017	91210	+	blaPDC-3	extended-spectrum class C beta-lactamase PDC-3	AMR	core	AMR	BETA-LACTAM	CEPHALOSPORIN	ALLELEP	100	100	Pseudomonas aeruginosa	2022GN-00414	NA	397	397	397	NF000422.6	PDC family class C beta-lactamase	USA	Rectal Swab	clinical	Homo sapiens	GCA_026046155.1	2022	SRR22195281	WP_003121934.1	extended-spectrum class C beta-lactamase PDC-3	1.08929	61	56	3.10.42	COMBINED	2022-10-11.2	98174616	gs://ncbi-pathogen-assemblies/Pseudomonas_aeruginosa/1476/656/ABJEJI010000010.1.fna.gz	gs://ncbi-pathogen-proteins/EKB/733/177/EKB7331771.1.faa.gz
Pseudomonas aeruginosa	EKB7335872.1	SAMN31609876	PDT001476656.1	ABJEJI010000108.1	114	1307	+	blaPDC-3	extended-spectrum class C beta-lactamase PDC-3	AMR	core	AMR	BETA-LACTAM	CEPHALOSPORIN	ALLELEP	100	100	Pseudomonas aeruginosa	2022GN-00414	NA	397	397	397	NF000422.6	PDC family class C beta-lactamase	USA	Rectal Swab	clinical	Homo sapiens	GCA_026046155.1	2022	SRR22195281	WP_003121934.1	extended-spectrum class C beta-lactamase PDC-3	0.910714	51	56	3.10.42	COMBINED	2022-10-11.2	98174616	gs://ncbi-pathogen-assemblies/Pseudomonas_aeruginosa/1476/656/ABJEJI010000108.1.fna.gz	gs://ncbi-pathogen-proteins/EKB/733/587/EKB7335872.1.faa.gz
Pseudomonas aeruginosa	WP_003121934.1	SAMN10478208	PDT000483085.1	NZ_RWSR01000011.1	93350	94543	+	blaPDC-3	extended-spectrum class C beta-lactamase PDC-3	AMR	core	AMR	BETA-LACTAM	CEPHALOSPORIN	ALLELEP	100	100	Pseudomonas aeruginosa	PAC117A	NA	397	397	397	NF000422.6	PDC family class C beta-lactamase	Canada: Sherbrooke	sputum	clinical	Homo sapiens	GCA_004373975.1	2010-07-06	NA	WP_003121934.1	extended-spectrum class C beta-lactamase PDC-3	NA	NA	NA	3.10.42	COMBINED	2022-10-11.2	98412516	gs://ncbi-pathogen-assemblies/Pseudomonas_aeruginosa/483/085/NZ_RWSR01000011.1.fna.gz	gs://ncbi-pathogen-proteins/WP_/003/121/WP_003121934.1.faa.gz
Pseudomonas aeruginosa	EKS1964819.1	SAMN34105341	PDT001681814.1	ABLKDX010000153.1	5226	6419	+	blaPDC-5	extended-spectrum class C beta-lactamase PDC-5	AMR	core	AMR	BETA-LACTAM	CEPHALOSPORIN	ALLELEP	100	100	Pseudomonas aeruginosa	NA	NA	397	397	397	NF000422.6	PDC family class C beta-lactamase	USA	NA	clinical	Homo sapiens	GCA_029617585.1	2023	SRR24100046	WP_003119095.1	extended-spectrum class C beta-lactamase PDC-5	0.939394	155	165	3.11.2	COMBINED	2023-02-23.1	105542786	gs://ncbi-pathogen-assemblies/Pseudomonas_aeruginosa/1681/814/ABLKDX010000153.1.fna.gz	gs://ncbi-pathogen-proteins/EKS/196/481/EKS1964819.1.faa.gz
Pseudomonas aeruginosa	WP_003119095.1	SAMN08435075	PDT000354706.1	NZ_QDGV01000010.1	89637	90830	+	blaPDC-5	extended-spectrum class C beta-lactamase PDC-5	AMR	core	AMR	BETA-LACTAM	CEPHALOSPORIN	ALLELEP	100	100	Pseudomonas aeruginosa	PA100	NA	397	397	397	NF000422.6	PDC family class C beta-lactamase	Australia	lung	clinical	Homo sapiens	GCA_003332535.1	2004	NA	WP_003119095.1	extended-spectrum class C beta-lactamase PDC-5	NA	NA	NA	3.10.36	COMBINED	2022-08-09.1	96500606	gs://ncbi-pathogen-assemblies/Pseudomonas_aeruginosa/354/706/NZ_QDGV01000010.1.fna.gz	gs://ncbi-pathogen-proteins/WP_/003/119/WP_003119095.1.faa.gz
Pseudomonas aeruginosa	EKS1963046.1	SAMN34105341	PDT001681814.1	ABLKDX010000034.1	23988	25181	+	blaPDC-5	extended-spectrum class C beta-lactamase PDC-5	AMR	core	AMR	BETA-LACTAM	CEPHALOSPORIN	ALLELEP	100	100	Pseudomonas aeruginosa	NA	NA	397	397	397	NF000422.6	PDC family class C beta-lactamase	USA	NA	clinical	Homo sapiens	GCA_029617585.1	2023	SRR24100046	WP_003119095.1	extended-spectrum class C beta-lactamase PDC-5	1.09697	181	165	3.11.2	COMBINED	2023-02-23.1	105542786	gs://ncbi-pathogen-assemblies/Pseudomonas_aeruginosa/1681/814/ABLKDX010000034.1.fna.gz	gs://ncbi-pathogen-proteins/EKS/196/304/EKS1963046.1.faa.gz
Pseudomonas aeruginosa	EKS1964614.1	SAMN34105341	PDT001681814.1	ABLKDX010000097.1	881	1708	-	blaOXA-2	oxacillin-hydrolyzing class D beta-lactamase OXA-2	AMR	core	AMR	BETA-LACTAM	BETA-LACTAM	ALLELEP	100	100	Pseudomonas aeruginosa	NA	NA	275	275	275	NF000267.2	OXA-2 family class D beta-lactamase	USA	NA	clinical	Homo sapiens	GCA_029617585.1	2023	SRR24100046	WP_001007673.1	oxacillin-hydrolyzing class D beta-lactamase OXA-2	3.05455	504	165	3.11.2	COMBINED	2023-02-23.1	105542786	gs://ncbi-pathogen-assemblies/Pseudomonas_aeruginosa/1681/814/ABLKDX010000097.1.fna.gz	gs://ncbi-pathogen-proteins/EKS/196/461/EKS1964614.1.faa.gz
Pseudomonas aeruginosa	EKS1964859.1	SAMN34105341	PDT001681814.1	ABLKDX010000158.1	2694	3521	+	blaOXA-2	oxacillin-hydrolyzing class D beta-lactamase OXA-2	AMR	core	AMR	BETA-LACTAM	BETA-LACTAM	ALLELEP	100	100	Pseudomonas aeruginosa	NA	NA	275	275	275	NF000267.2	OXA-2 family class D beta-lactamase	USA	NA	clinical	Homo sapiens	GCA_029617585.1	2023	SRR24100046	WP_001007673.1	oxacillin-hydrolyzing class D beta-lactamase OXA-2	2.84848	470	165	3.11.2	COMBINED	2023-02-23.1	105542786	gs://ncbi-pathogen-assemblies/Pseudomonas_aeruginosa/1681/814/ABLKDX010000158.1.fna.gz	gs://ncbi-pathogen-proteins/EKS/196/485/EKS1964859.1.faa.gz
Pseudomonas aeruginosa	WP_004199234.1	SAMN16656075	PDT001122693.1	NZ_CP064398.1	7749	8630	-	blaKPC-2	carbapenem-hydrolyzing class A beta-lactamase KPC-2	AMR	core	AMR	BETA-LACTAM	CARBAPENEM	ALLELEP	100	100	Pseudomonas aeruginosa	SRRSH1002	NA	293	293	293	NF012141.0	KPC family carbapenem-hydrolyzing class A beta-lactamase	China:Hangzhou	NA	clinical	Homo sapiens	GCA_019857285.1	2018-09-14	NA	WP_004199234.1	carbapenem-hydrolyzing class A beta-lactamase KPC-2	NA	NA	NA	3.10.40	COMBINED	2022-08-09.1	97301406	gs://ncbi-pathogen-assemblies/Pseudomonas_aeruginosa/1122/693/NZ_CP064398.1.fna.gz	gs://ncbi-pathogen-proteins/WP_/004/199/WP_004199234.1.faa.gz
Pseudomonas aeruginosa	WP_004199234.1	SAMN18511087	PDT001009339.1	NZ_JAGKLW010000001.1	195378	196259	-	blaKPC-2	carbapenem-hydrolyzing class A beta-lactamase KPC-2	AMR	core	AMR	BETA-LACTAM	CARBAPENEM	ALLELEP	100	100	Pseudomonas aeruginosa	2020EL-00116	NA	293	293	293	NF012141.0	KPC family carbapenem-hydrolyzing class A beta-lactamase	USA	blood	clinical	Homo sapiens	GCA_018067405.1	2020	NA	WP_004199234.1	carbapenem-hydrolyzing class A beta-lactamase KPC-2	1.18421	45	38	3.11.14	COMBINED	2023-04-17.1	106133336	gs://ncbi-pathogen-assemblies/Pseudomonas_aeruginosa/1009/339/NZ_JAGKLW010000001.1.fna.gz	gs://ncbi-pathogen-proteins/WP_/004/199/WP_004199234.1.faa.gz
Pseudomonas aeruginosa	WP_004199234.1	SAMN16656075	PDT001122693.1	NZ_CP064398.1	14351	15232	+	blaKPC-2	carbapenem-hydrolyzing class A beta-lactamase KPC-2	AMR	core	AMR	BETA-LACTAM	CARBAPENEM	ALLELEP	100	100	Pseudomonas aeruginosa	SRRSH1002	NA	293	293	293	NF012141.0	KPC family carbapenem-hydrolyzing class A beta-lactamase	China:Hangzhou	NA	clinical	Homo sapiens	GCA_019857285.1	2018-09-14	NA	WP_004199234.1	carbapenem-hydrolyzing class A beta-lactamase KPC-2	NA	NA	NA	3.10.40	COMBINED	2022-08-09.1	97301406	gs://ncbi-pathogen-assemblies/Pseudomonas_aeruginosa/1122/693/NZ_CP064398.1.fna.gz	gs://ncbi-pathogen-proteins/WP_/004/199/WP_004199234.1.faa.gz
Pseudomonas aeruginosa	EJX6682576.1	SAMN31152646	PDT001442358.1	ABIQHS010000059.1	2110	2910	+	blaOXA-10	oxacillin-hydrolyzing class D beta-lactamase OXA-10	AMR	core	AMR	BETA-LACTAM	CEPHALOSPORIN	ALLELEP	100	100	Pseudomonas aeruginosa	Pseudomonas_aeruginosa_2022CK-00520	NA	266	266	266	NF000386.2	OXA-10 family class D beta-lactamase	USA	stool	clinical	Homo sapiens	GCA_025579705.1	2022-09-03	SRR21802875	WP_000846390.1	oxacillin-hydrolyzing class D beta-lactamase OXA-10	0.77193	44	57	3.10.42	COMBINED	2022-08-09.1	97422826	gs://ncbi-pathogen-assemblies/Pseudomonas_aeruginosa/1442/358/ABIQHS010000059.1.fna.gz	gs://ncbi-pathogen-proteins/EJX/668/257/EJX6682576.1.faa.gz
Pseudomonas aeruginosa	EIU4816937.1	SAMN18313852	PDT000985228.1	ABEUPX010000130.1	780	1580	+	blaOXA-10	oxacillin-hydrolyzing class D beta-lactamase OXA-10	AMR	core	AMR	BETA-LACTAM	CEPHALOSPORIN	ALLELEP	100	100	Pseudomonas aeruginosa	Pseudomonas_aeruginosa_2021CK-00665	NA	266	266	266	NF000386.2	OXA-10 family class D beta-lactamase	USA	urine	clinical	Homo sapiens	GCA_021665115.1	2020-11-04	SRR13965475	WP_000846390.1	oxacillin-hydrolyzing class D beta-lactamase OXA-10	2.36842	405	171	3.10.18	COMBINED	2021-12-21.1	83247336	gs://ncbi-pathogen-assemblies/Pseudomonas_aeruginosa/985/228/ABEUPX010000130.1.fna.gz	gs://ncbi-pathogen-proteins/EIU/481/693/EIU4816937.1.faa.gz
Pseudomonas aeruginosa	EJX6682720.1	SAMN31152646	PDT001442358.1	ABIQHS010000118.1	1879	2679	+	blaOXA-10	oxacillin-hydrolyzing class D beta-lactamase OXA-10	AMR	core	AMR	BETA-LACTAM	CEPHALOSPORIN	ALLELEP	100	100	Pseudomonas aeruginosa	Pseudomonas_aeruginosa_2022CK-00520	NA	266	266	266	NF000386.2	OXA-10 family class D beta-lactamase	USA	stool	clinical	Homo sapiens	GCA_025579705.1	2022-09-03	SRR21802875	WP_000846390.1	oxacillin-hydrolyzing class D beta-lactamase OXA-10	0.77193	44	57	3.10.42	COMBINED	2022-08-09.1	97422826	gs://ncbi-pathogen-assemblies/Pseudomonas_aeruginosa/1442/358/ABIQHS010000118.1.fna.gz	gs://ncbi-pathogen-proteins/EJX/668/272/EJX6682720.1.faa.gz
Pseudomonas aeruginosa	HBP3347285.1	SAMN14523648	PDT000753392.1	DAFROI010000010.1	112659	113447	+	blaOXA-50	oxacillin-hydrolyzing class D beta-lactamase OXA-50	AMR	core	AMR	BETA-LACTAM	BETA-LACTAM	ALLELEP	100	100	Pseudomonas aeruginosa	NA	NA	262	262	262	NF000432.2	OXA-50 family oxacillin-hydrolyzing class D beta-lactamase	USA: Boston	tracheal aspirates from patient ventilator	clinical	Homo sapiens	GCA_021699555.1	2013-09-25	SRR11468001	WP_003099707.1	oxacillin-hydrolyzing class D beta-lactamase OXA-50	1.06557	65	61	3.10.18	COMBINED	2021-12-21.1	83264606	gs://ncbi-pathogen-assemblies/Pseudomonas_aeruginosa/753/392/DAFROI010000010.1.fna.gz	gs://ncbi-pathogen-proteins/HBP/334/728/HBP3347285.1.faa.gz
Pseudomonas aeruginosa	WP_003099707.1	SAMN30438098	PDT001567120.1	NZ_CP106682.1	6822290	6823078	+	blaOXA-50	oxacillin-hydrolyzing class D beta-lactamase OXA-50	AMR	core	AMR	BETA-LACTAM	BETA-LACTAM	ALLELEP	100	100	Pseudomonas aeruginosa	PALA13	NA	262	262	262	NF000432.2	OXA-50 family oxacillin-hydrolyzing class D beta-lactamase	United Kingdom: London	sputum	clinical	Homo sapiens	GCA_027570575.1	2019-08-07	NA	WP_003099707.1	oxacillin-hydrolyzing class D beta-lactamase OXA-50	NA	NA	NA	3.11.2	COMBINED	2022-12-19.1	103095836	gs://ncbi-pathogen-assemblies/Pseudomonas_aeruginosa/1567/120/NZ_CP106682.1.fna.gz	gs://ncbi-pathogen-proteins/WP_/003/099/WP_003099707.1.faa.gz
Pseudomonas aeruginosa	WP_003099707.1	SAMN14453405	PDT000797715.1	NZ_JACEJG010000001.1	112573	113361	+	blaOXA-50	oxacillin-hydrolyzing class D beta-lactamase OXA-50	AMR	core	AMR	BETA-LACTAM	BETA-LACTAM	ALLELEP	100	100	Pseudomonas aeruginosa	11112	NA	262	262	262	NF000432.2	OXA-50 family oxacillin-hydrolyzing class D beta-lactamase	United Kingdom	lung	clinical	Homo sapiens	GCA_013620525.1	2004	NA	WP_003099707.1	oxacillin-hydrolyzing class D beta-lactamase OXA-50	NA	NA	NA	3.10.36	COMBINED	2022-08-09.1	96393566	gs://ncbi-pathogen-assemblies/Pseudomonas_aeruginosa/797/715/NZ_JACEJG010000001.1.fna.gz	gs://ncbi-pathogen-proteins/WP_/003/099/WP_003099707.1.faa.gz
Pseudomonas aeruginosa	HDP3510975.1	SAMN12369732	PDT001668277.1	DAOBFZ010000003.1	112595	113383	+	blaOXA-50	oxacillin-hydrolyzing class D beta-lactamase OXA-50	AMR	core	AMR	BETA-LACTAM	BETA-LACTAM	ALLELEP	100	100	Pseudomonas aeruginosa	NA	NA	262	262	262	NF000432.2	OXA-50 family oxacillin-hydrolyzing class D beta-lactamase	Switzerland	Catheter	clinical	Homo sapiens	GCA_029397655.1	2010-06-18	SRR9842293	WP_003099707.1	oxacillin-hydrolyzing class D beta-lactamase OXA-50	1.23256	106	86	3.11.2	COMBINED	2023-02-23.1	105221636	gs://ncbi-pathogen-assemblies/Pseudomonas_aeruginosa/1668/277/DAOBFZ010000003.1.fna.gz	gs://ncbi-pathogen-proteins/HDP/351/097/HDP3510975.1.faa.gz
Pseudomonas aeruginosa	HDP3516645.1	SAMN12369732	PDT001668277.1	DAOBFZ010000097.1	850	1638	+	blaOXA-50	oxacillin-hydrolyzing class D beta-lactamase OXA-50	AMR	core	AMR	BETA-LACTAM	BETA-LACTAM	ALLELEP	100	100	Pseudomonas aeruginosa	NA	NA	262	262	262	NF000432.2	OXA-50 family oxacillin-hydrolyzing class D beta-lactamase	Switzerland	Catheter	clinical	Homo sapiens	GCA_029397655.1	2010-06-18	SRR9842293	WP_003099707.1	oxacillin-hydrolyzing class D beta-lactamase OXA-50	1.11628	96	86	3.11.2	COMBINED	2023-02-23.1	105221636	gs://ncbi-pathogen-assemblies/Pseudomonas_aeruginosa/1668/277/DAOBFZ010000097.1.fna.gz	gs://ncbi-pathogen-proteins/HDP/351/664/HDP3516645.1.faa.gz
Pseudomonas aeruginosa	WP_003099707.1	SAMN14271765	PDT000759606.1	NZ_JAATIL010000001.1	1873417	1874205	+	blaOXA-50	oxacillin-hydrolyzing class D beta-lactamase OXA-50	AMR	core	AMR	BETA-LACTAM	BETA-LACTAM	ALLELEP	100	100	Pseudomonas aeruginosa	DVT415	NA	262	262	262	NF000432.2	OXA-50 family oxacillin-hydrolyzing class D beta-lactamase	USA: Pennsylvania, Pittsburgh	lung	clinical	Homo sapiens	GCA_013240425.1	NA	NA	WP_003099707.1	oxacillin-hydrolyzing class D beta-lactamase OXA-50	NA	NA	NA	3.10.30	COMBINED	2022-05-26.1	95560996	gs://ncbi-pathogen-assemblies/Pseudomonas_aeruginosa/759/606/NZ_JAATIL010000001.1.fna.gz	gs://ncbi-pathogen-proteins/WP_/003/099/WP_003099707.1.faa.gz
Pseudomonas aeruginosa	WP_003099707.1	SAMN08435075	PDT000354706.1	NZ_QDGV01000009.1	112127	112915	+	blaOXA-50	oxacillin-hydrolyzing class D beta-lactamase OXA-50	AMR	core	AMR	BETA-LACTAM	BETA-LACTAM	ALLELEP	100	100	Pseudomonas aeruginosa	PA100	NA	262	262	262	NF000432.2	OXA-50 family oxacillin-hydrolyzing class D beta-lactamase	Australia	lung	clinical	Homo sapiens	GCA_003332535.1	2004	NA	WP_003099707.1	oxacillin-hydrolyzing class D beta-lactamase OXA-50	NA	NA	NA	3.10.36	COMBINED	2022-08-09.1	96500606	gs://ncbi-pathogen-assemblies/Pseudomonas_aeruginosa/354/706/NZ_QDGV01000009.1.fna.gz	gs://ncbi-pathogen-proteins/WP_/003/099/WP_003099707.1.faa.gz
Pseudomonas aeruginosa	HBP3351176.1	SAMN14523648	PDT000753392.1	DAFROI010000163.1	2070	2858	+	blaOXA-50	oxacillin-hydrolyzing class D beta-lactamase OXA-50	AMR	core	AMR	BETA-LACTAM	BETA-LACTAM	ALLELEP	100	100	Pseudomonas aeruginosa	NA	NA	262	262	262	NF000432.2	OXA-50 family oxacillin-hydrolyzing class D beta-lactamase	USA: Boston	tracheal aspirates from patient ventilator	clinical	Homo sapiens	GCA_021699555.1	2013-09-25	SRR11468001	WP_003099707.1	oxacillin-hydrolyzing class D beta-lactamase OXA-50	1	61	61	3.10.18	COMBINED	2021-12-21.1	83264606	gs://ncbi-pathogen-assemblies/Pseudomonas_aeruginosa/753/392/DAFROI010000163.1.fna.gz	gs://ncbi-pathogen-proteins/HBP/335/117/HBP3351176.1.faa.gz
Pseudomonas aeruginosa	NA	SAMN10436155	PDT000903901.1	JADSMI010000028.1	5453	6643	+	blaPDC-1	cephalosporin-hydrolyzing class C beta-lactamase PDC-1	AMR	core	AMR	BETA-LACTAM	CEPHALOSPORIN	ALLELEX	100	100	Pseudomonas aeruginosa	PSA00330	NA	397	397	397	NA	NA	USA: Pittsburgh, Pennsylvania	sputum	clinical	Homo sapiens	GCA_015733295.1	2017	NA	WP_003101289.1	cephalosporin-hydrolyzing class C beta-lactamase PDC-1	1.05263	40	38	3.10.18	NUCLEOTIDE	2021-12-21.1	83006906	gs://ncbi-pathogen-assemblies/Pseudomonas_aeruginosa/903/901/JADSMI010000028.1.fna.gz	NA
Pseudomonas aeruginosa	NA	SAMN16982704	PDT000923516.1	JAEHYK010000003.1	351178	351963	-	blaOXA	OXA-50 family oxacillin-hydrolyzing class D beta-lactamase	AMR	core	AMR	BETA-LACTAM	BETA-LACTAM	BLASTX	100	99.62	Pseudomonas aeruginosa	PSA01171	NA	262	262	262	NA	NA	USA: Pittsburgh, Pennsylvania	sputum	clinical	Homo sapiens	GCA_016344025.1	2019	NA	WP_003099707.1	oxacillin-hydrolyzing class D beta-lactamase OXA-50	1.04082	51	49	3.10.18	NUCLEOTIDE	2021-12-21.1	82976176	gs://ncbi-pathogen-assemblies/Pseudomonas_aeruginosa/923/516/JAEHYK010000003.1.fna.gz	NA
Pseudomonas aeruginosa	HBO0056905.1	SAMN16632679	PDT001211695.1	DAFOKL010000079.1	19129	19917	+	blaOXA-395	OXA-50 family oxacillin-hydrolyzing class D beta-lactamase OXA-395	AMR	core	AMR	BETA-LACTAM	BETA-LACTAM	ALLELEP	100	100	Pseudomonas aeruginosa	NA	NA	262	262	262	NF000432.2	OXA-50 family oxacillin-hydrolyzing class D beta-lactamase	Belgium: Jette	Bronchial aspirate	clinical	Homo sapiens	GCA_021592885.1	2019-07-22	SRR13131547	WP_015649877.1	OXA-50 family oxacillin-hydrolyzing class D beta-lactamase OXA-395	1.13774	413	363	3.10.18	COMBINED	2021-12-21.1	83191536	gs://ncbi-pathogen-assemblies/Pseudomonas_aeruginosa/1211/695/DAFOKL010000079.1.fna.gz	gs://ncbi-pathogen-proteins/HBO/005/690/HBO0056905.1.faa.gz
Pseudomonas aeruginosa	HBO9090648.1	SAMN07661454	PDT000768060.1	DAFQNW010000222.1	851	1639	+	blaOXA-395	OXA-50 family oxacillin-hydrolyzing class D beta-lactamase OXA-395	AMR	core	AMR	BETA-LACTAM	BETA-LACTAM	ALLELEP	100	100	Pseudomonas aeruginosa	6359	NA	262	262	262	NF000432.2	OXA-50 family oxacillin-hydrolyzing class D beta-lactamase	Slovenia	respiratory sample	clinical	Homo sapiens	GCA_021680055.1	2014	SRR6048094	WP_015649877.1	OXA-50 family oxacillin-hydrolyzing class D beta-lactamase OXA-395	1	26	26	3.10.18	COMBINED	2021-12-21.1	83255706	gs://ncbi-pathogen-assemblies/Pseudomonas_aeruginosa/768/060/DAFQNW010000222.1.fna.gz	gs://ncbi-pathogen-proteins/HBO/909/064/HBO9090648.1.faa.gz
Pseudomonas aeruginosa	EJX6682649.1	SAMN31152646	PDT001442358.1	ABIQHS010000107.1	6253	7041	+	blaOXA-395	OXA-50 family oxacillin-hydrolyzing class D beta-lactamase OXA-395	AMR	core	AMR	BETA-LACTAM	BETA-LACTAM	ALLELEP	100	100	Pseudomonas aeruginosa	Pseudomonas_aeruginosa_2022CK-00520	NA	262	262	262	NF000432.2	OXA-50 family oxacillin-hydrolyzing class D beta-lactamase	USA	stool	clinical	Homo sapiens	GCA_025579705.1	2022-09-03	SRR21802875	WP_015649877.1	OXA-50 family oxacillin-hydrolyzing class D beta-lactamase OXA-395	1.12281	64	57	3.10.42	COMBINED	2022-08-09.1	97422826	gs://ncbi-pathogen-assemblies/Pseudomonas_aeruginosa/1442/358/ABIQHS010000107.1.fna.gz	gs://ncbi-pathogen-proteins/EJX/668/264/EJX6682649.1.faa.gz
Pseudomonas aeruginosa	EJX6679069.1	SAMN31152646	PDT001442358.1	ABIQHS010000010.1	162904	163692	+	blaOXA-395	OXA-50 family oxacillin-hydrolyzing class D beta-lactamase OXA-395	AMR	core	AMR	BETA-LACTAM	BETA-LACTAM	ALLELEP	100	100	Pseudomonas aeruginosa	Pseudomonas_aeruginosa_2022CK-00520	NA	262	262	262	NF000432.2	OXA-50 family oxacillin-hydrolyzing class D beta-lactamase	USA	stool	clinical	Homo sapiens	GCA_025579705.1	2022-09-03	SRR21802875	WP_015649877.1	OXA-50 family oxacillin-hydrolyzing class D beta-lactamase OXA-395	1.19298	68	57	3.10.42	COMBINED	2022-08-09.1	97422826	gs://ncbi-pathogen-assemblies/Pseudomonas_aeruginosa/1442/358/ABIQHS010000010.1.fna.gz	gs://ncbi-pathogen-proteins/EJX/667/906/EJX6679069.1.faa.gz
Pseudomonas aeruginosa	WP_015649877.1	SAMN04128745	PDT000096523.1	NZ_LLVC01000078.1	97746	98534	-	blaOXA-395	OXA-50 family oxacillin-hydrolyzing class D beta-lactamase OXA-395	AMR	core	AMR	BETA-LACTAM	BETA-LACTAM	ALLELEP	100	100	Pseudomonas aeruginosa	WH-SGI-V-07313	NA	262	262	262	NF000432.2	OXA-50 family oxacillin-hydrolyzing class D beta-lactamase	Tunisia	sputum	NA	NA	GCA_001454365.1	1998	NA	WP_015649877.1	OXA-50 family oxacillin-hydrolyzing class D beta-lactamase OXA-395	1.02128	48	47	3.11.2	COMBINED	2023-02-23.1	105378646	gs://ncbi-pathogen-assemblies/Pseudomonas_aeruginosa/96/523/NZ_LLVC01000078.1.fna.gz	gs://ncbi-pathogen-proteins/WP_/015/649/WP_015649877.1.faa.gz
Pseudomonas aeruginosa	HBO0055522.1	SAMN16632679	PDT001211695.1	DAFOKL010000021.1	68364	69152	+	blaOXA-395	OXA-50 family oxacillin-hydrolyzing class D beta-lactamase OXA-395	AMR	core	AMR	BETA-LACTAM	BETA-LACTAM	ALLELEP	100	100	Pseudomonas aeruginosa	NA	NA	262	262	262	NF000432.2	OXA-50 family oxacillin-hydrolyzing class D beta-lactamase	Belgium: Jette	Bronchial aspirate	clinical	Homo sapiens	GCA_021592885.1	2019-07-22	SRR13131547	WP_015649877.1	OXA-50 family oxacillin-hydrolyzing class D beta-lactamase OXA-395	1.17631	427	363	3.10.18	COMBINED	2021-12-21.1	83191536	gs://ncbi-pathogen-assemblies/Pseudomonas_aeruginosa/1211/695/DAFOKL010000021.1.fna.gz	gs://ncbi-pathogen-proteins/HBO/005/552/HBO0055522.1.faa.gz
Pseudomonas aeruginosa	HBO9084986.1	SAMN07661454	PDT000768060.1	DAFQNW010000006.1	56854	57642	+	blaOXA-395	OXA-50 family oxacillin-hydrolyzing class D beta-lactamase OXA-395	AMR	core	AMR	BETA-LACTAM	BETA-LACTAM	ALLELEP	100	100	Pseudomonas aeruginosa	6359	NA	262	262	262	NF000432.2	OXA-50 family oxacillin-hydrolyzing class D beta-lactamase	Slovenia	respiratory sample	clinical	Homo sapiens	GCA_021680055.1	2014	SRR6048094	WP_015649877.1	OXA-50 family oxacillin-hydrolyzing class D beta-lactamase OXA-395	1.03846	27	26	3.10.18	COMBINED	2021-12-21.1	83255706	gs://ncbi-pathogen-assemblies/Pseudomonas_aeruginosa/768/060/DAFQNW010000006.1.fna.gz	gs://ncbi-pathogen-proteins/HBO/908/498/HBO9084986.1.faa.gz
Pseudomonas aeruginosa	WP_003161965.1	SAMN10478208	PDT000483085.1	NZ_RWSR01000008.1	162361	163149	+	blaOXA-486	OXA-50 family oxacillin-hydrolyzing class D beta-lactamase OXA-486	AMR	core	AMR	BETA-LACTAM	BETA-LACTAM	ALLELEP	100	100	Pseudomonas aeruginosa	PAC117A	NA	262	262	262	NF000432.2	OXA-50 family oxacillin-hydrolyzing class D beta-lactamase	Canada: Sherbrooke	sputum	clinical	Homo sapiens	GCA_004373975.1	2010-07-06	NA	WP_003161965.1	OXA-50 family oxacillin-hydrolyzing class D beta-lactamase OXA-486	NA	NA	NA	3.10.42	COMBINED	2022-10-11.2	98412516	gs://ncbi-pathogen-assemblies/Pseudomonas_aeruginosa/483/085/NZ_RWSR01000008.1.fna.gz	gs://ncbi-pathogen-proteins/WP_/003/161/WP_003161965.1.faa.gz
Pseudomonas aeruginosa	WP_003161965.1	SAMN04128495	PDT000096272.1	NZ_LLLM01000067.1	162316	163104	+	blaOXA-486	OXA-50 family oxacillin-hydrolyzing class D beta-lactamase OXA-486	AMR	core	AMR	BETA-LACTAM	BETA-LACTAM	ALLELEP	100	100	Pseudomonas aeruginosa	WH-SGI-V-07062	NA	262	262	262	NF000432.2	OXA-50 family oxacillin-hydrolyzing class D beta-lactamase	USA	hospital	NA	NA	GCA_001449345.1	1992	NA	WP_003161965.1	OXA-50 family oxacillin-hydrolyzing class D beta-lactamase OXA-486	1.08	27	25	3.11.2	COMBINED	2023-02-23.1	105375996	gs://ncbi-pathogen-assemblies/Pseudomonas_aeruginosa/96/272/NZ_LLLM01000067.1.fna.gz	gs://ncbi-pathogen-proteins/WP_/003/161/WP_003161965.1.faa.gz
Pseudomonas aeruginosa	NA	SAMN10436158	PDT000903899.1	JADSMG010000008.1	98883	99668	-	blaOXA-486	OXA-50 family oxacillin-hydrolyzing class D beta-lactamase OXA-486	AMR	core	AMR	BETA-LACTAM	BETA-LACTAM	ALLELEX	100	100	Pseudomonas aeruginosa	PSA00333	NA	262	262	262	NA	NA	USA: Pittsburgh, Pennsylvania	urine	clinical	Homo sapiens	GCA_015733265.1	2017	NA	WP_003161965.1	OXA-50 family oxacillin-hydrolyzing class D beta-lactamase OXA-486	1.18644	70	59	3.10.18	NUCLEOTIDE	2021-12-21.1	82971896	gs://ncbi-pathogen-assemblies/Pseudomonas_aeruginosa/903/899/JADSMG010000008.1.fna.gz	NA
Pseudomonas aeruginosa	EKB7331413.1	SAMN31609876	PDT001476656.1	ABJEJI010000008.1	159030	159818	-	blaOXA-486	OXA-50 family oxacillin-hydrolyzing class D beta-lactamase OXA-486	AMR	core	AMR	BETA-LACTAM	BETA-LACTAM	ALLELEP	100	100	Pseudomonas aeruginosa	2022GN-00414	NA	262	262	262	NF000432.2	OXA-50 family oxacillin-hydrolyzing class D beta-lactamase	USA	Rectal Swab	clinical	Homo sapiens	GCA_026046155.1	2022	SRR22195281	WP_003161965.1	OXA-50 family oxacillin-hydrolyzing class D beta-lactamase OXA-486	1.39286	78	56	3.10.42	COMBINED	2022-10-11.2	98174616	gs://ncbi-pathogen-assemblies/Pseudomonas_aeruginosa/1476/656/ABJEJI010000008.1.fna.gz	gs://ncbi-pathogen-proteins/EKB/733/141/EKB7331413.1.faa.gz
Pseudomonas aeruginosa	WP_003161965.1	SAMN16656075	PDT001122693.1	NZ_CP064397.1	6843973	6844761	+	blaOXA-486	OXA-50 family oxacillin-hydrolyzing class D beta-lactamase OXA-486	AMR	core	AMR	BETA-LACTAM	BETA-LACTAM	ALLELEP	100	100	Pseudomonas aeruginosa	SRRSH1002	NA	262	262	262	NF000432.2	OXA-50 family oxacillin-hydrolyzing class D beta-lactamase	China:Hangzhou	NA	clinical	Homo sapiens	GCA_019857285.1	2018-09-14	NA	WP_003161965.1	OXA-50 family oxacillin-hydrolyzing class D beta-lactamase OXA-486	NA	NA	NA	3.10.40	COMBINED	2022-08-09.1	97301406	gs://ncbi-pathogen-assemblies/Pseudomonas_aeruginosa/1122/693/NZ_CP064397.1.fna.gz	gs://ncbi-pathogen-proteins/WP_/003/161/WP_003161965.1.faa.gz
Pseudomonas aeruginosa	EKB7335866.1	SAMN31609876	PDT001476656.1	ABJEJI010000107.1	5236	6024	+	blaOXA-486	OXA-50 family oxacillin-hydrolyzing class D beta-lactamase OXA-486	AMR	core	AMR	BETA-LACTAM	BETA-LACTAM	ALLELEP	100	100	Pseudomonas aeruginosa	2022GN-00414	NA	262	262	262	NF000432.2	OXA-50 family oxacillin-hydrolyzing class D beta-lactamase	USA	Rectal Swab	clinical	Homo sapiens	GCA_026046155.1	2022	SRR22195281	WP_003161965.1	OXA-50 family oxacillin-hydrolyzing class D beta-lactamase OXA-486	1.30357	73	56	3.10.42	COMBINED	2022-10-11.2	98174616	gs://ncbi-pathogen-assemblies/Pseudomonas_aeruginosa/1476/656/ABJEJI010000107.1.fna.gz	gs://ncbi-pathogen-proteins/EKB/733/586/EKB7335866.1.faa.gz
Pseudomonas aeruginosa	WP_003097028.1	SAMN19868454	PDT001454988.1	NZ_JAHVZT010000009.1	162590	163378	+	blaOXA-488	OXA-50 family oxacillin-hydrolyzing class D beta-lactamase OXA-488	AMR	core	AMR	BETA-LACTAM	BETA-LACTAM	ALLELEP	100	100	Pseudomonas aeruginosa	ps154	NA	262	262	262	NF000432.2	OXA-50 family oxacillin-hydrolyzing class D beta-lactamase	Saudi Arabia: Riyadh	NA	clinical	Homo sapiens	GCA_025696865.1	NA	NA	WP_003097028.1	OXA-50 family oxacillin-hydrolyzing class D beta-lactamase OXA-488	NA	NA	NA	3.10.42	COMBINED	2022-10-11.2	97644176	gs://ncbi-pathogen-assemblies/Pseudomonas_aeruginosa/1454/988/NZ_JAHVZT010000009.1.fna.gz	gs://ncbi-pathogen-proteins/WP_/003/097/WP_003097028.1.faa.gz
Pseudomonas aeruginosa	WP_003097028.1	SAMN18511087	PDT001009339.1	NZ_JAGKLW010000007.1	162597	163385	+	blaOXA-488	OXA-50 family oxacillin-hydrolyzing class D beta-lactamase OXA-488	AMR	core	AMR	BETA-LACTAM	BETA-LACTAM	ALLELEP	100	100	Pseudomonas aeruginosa	2020EL-00116	NA	262	262	262	NF000432.2	OXA-50 family oxacillin-hydrolyzing class D beta-lactamase	USA	blood	clinical	Homo sapiens	GCA_018067405.1	2020	NA	WP_003097028.1	OXA-50 family oxacillin-hydrolyzing class D beta-lactamase OXA-488	1.10526	42	38	3.11.14	COMBINED	2023-04-17.1	106133336	gs://ncbi-pathogen-assemblies/Pseudomonas_aeruginosa/1009/339/NZ_JAGKLW010000007.1.fna.gz	gs://ncbi-pathogen-proteins/WP_/003/097/WP_003097028.1.faa.gz
Pseudomonas aeruginosa	HCF5775896.1	SAMN27566246	PDT001343870.1	DAHOTV010000159.1	12665	13453	+	blaOXA-488	OXA-50 family oxacillin-hydrolyzing class D beta-lactamase OXA-488	AMR	core	AMR	BETA-LACTAM	BETA-LACTAM	ALLELEP	100	100	Pseudomonas aeruginosa	Pseudomonas aeruginosa ARLG-9265	NA	262	262	262	NF000432.2	OXA-50 family oxacillin-hydrolyzing class D beta-lactamase	Saudi Arabia	respiratory	clinical	Homo sapiens	GCA_023958915.1	2019	SRR18768162	WP_003097028.1	OXA-50 family oxacillin-hydrolyzing class D beta-lactamase OXA-488	1.34254	243	181	3.10.30	COMBINED	2022-05-26.1	95021526	gs://ncbi-pathogen-assemblies/Pseudomonas_aeruginosa/1343/870/DAHOTV010000159.1.fna.gz	gs://ncbi-pathogen-proteins/HCF/577/589/HCF5775896.1.faa.gz
Pseudomonas aeruginosa	WP_003097028.1	SAMN29843201	PDT001410830.1	NZ_CP101885.1	6787054	6787842	+	blaOXA-488	OXA-50 family oxacillin-hydrolyzing class D beta-lactamase OXA-488	AMR	core	AMR	BETA-LACTAM	BETA-LACTAM	ALLELEP	100	100	Pseudomonas aeruginosa	M27432	NA	262	262	262	NF000432.2	OXA-50 family oxacillin-hydrolyzing class D beta-lactamase	Argentina: Buenos Aires City	tracheal aspirate	clinical	Homo sapiens	GCA_024972855.1	2021-07-08	NA	WP_003097028.1	OXA-50 family oxacillin-hydrolyzing class D beta-lactamase OXA-488	NA	NA	NA	3.10.40	COMBINED	2022-08-09.1	96867036	gs://ncbi-pathogen-assemblies/Pseudomonas_aeruginosa/1410/830/NZ_CP101885.1.fna.gz	gs://ncbi-pathogen-proteins/WP_/003/097/WP_003097028.1.faa.gz
Pseudomonas aeruginosa	HCF5771381.1	SAMN27566246	PDT001343870.1	DAHOTV010000010.1	109966	110754	+	blaOXA-488	OXA-50 family oxacillin-hydrolyzing class D beta-lactamase OXA-488	AMR	core	AMR	BETA-LACTAM	BETA-LACTAM	ALLELEP	100	100	Pseudomonas aeruginosa	Pseudomonas aeruginosa ARLG-9265	NA	262	262	262	NF000432.2	OXA-50 family oxacillin-hydrolyzing class D beta-lactamase	Saudi Arabia	respiratory	clinical	Homo sapiens	GCA_023958915.1	2019	SRR18768162	WP_003097028.1	OXA-50 family oxacillin-hydrolyzing class D beta-lactamase OXA-488	1.29282	234	181	3.10.30	COMBINED	2022-05-26.1	95021526	gs://ncbi-pathogen-assemblies/Pseudomonas_aeruginosa/1343/870/DAHOTV010000010.1.fna.gz	gs://ncbi-pathogen-proteins/HCF/577/138/HCF5771381.1.faa.gz
Pseudomonas aeruginosa	EIU4814926.1	SAMN18313852	PDT000985228.1	ABEUPX010000016.1	112604	113392	+	blaOXA-488	OXA-50 family oxacillin-hydrolyzing class D beta-lactamase OXA-488	AMR	core	AMR	BETA-LACTAM	BETA-LACTAM	ALLELEP	100	100	Pseudomonas aeruginosa	Pseudomonas_aeruginosa_2021CK-00665	NA	262	262	262	NF000432.2	OXA-50 family oxacillin-hydrolyzing class D beta-lactamase	USA	urine	clinical	Homo sapiens	GCA_021665115.1	2020-11-04	SRR13965475	WP_003097028.1	OXA-50 family oxacillin-hydrolyzing class D beta-lactamase OXA-488	1.37427	235	171	3.10.18	COMBINED	2021-12-21.1	83247336	gs://ncbi-pathogen-assemblies/Pseudomonas_aeruginosa/985/228/ABEUPX010000016.1.fna.gz	gs://ncbi-pathogen-proteins/EIU/481/492/EIU4814926.1.faa.gz
Pseudomonas aeruginosa	HCF7516172.1	SAMN27565631	PDT001343630.1	DAHPEI010000150.1	11769	12557	+	blaOXA-488	OXA-50 family oxacillin-hydrolyzing class D beta-lactamase OXA-488	AMR	core	AMR	BETA-LACTAM	BETA-LACTAM	ALLELEP	100	100	Pseudomonas aeruginosa	Pseudomonas aeruginosa ARLG-10288	NA	262	262	262	NF000432.2	OXA-50 family oxacillin-hydrolyzing class D beta-lactamase	USA	urine	clinical	Homo sapiens	GCA_023964375.1	2018	SRR18767922	WP_003097028.1	OXA-50 family oxacillin-hydrolyzing class D beta-lactamase OXA-488	1.24365	245	197	3.10.30	COMBINED	2022-05-26.1	95024996	gs://ncbi-pathogen-assemblies/Pseudomonas_aeruginosa/1343/630/DAHPEI010000150.1.fna.gz	gs://ncbi-pathogen-proteins/HCF/751/617/HCF7516172.1.faa.gz
Pseudomonas aeruginosa	HBP6123753.1	SAMN12768894	PDT000619033.1	DAFSDG010000040.1	19114	19902	+	blaOXA-488	OXA-50 family oxacillin-hydrolyzing class D beta-lactamase OXA-488	AMR	core	AMR	BETA-LACTAM	BETA-LACTAM	ALLELEP	100	100	Pseudomonas aeruginosa	AUSMDU00008506	NA	262	262	262	NF000432.2	OXA-50 family oxacillin-hydrolyzing class D beta-lactamase	Australia	NA	clinical	Homo sapiens	GCA_021708735.1	2017	SRR10127096	WP_003097028.1	OXA-50 family oxacillin-hydrolyzing class D beta-lactamase OXA-488	1.29333	97	75	3.10.18	COMBINED	2021-12-21.1	83269206	gs://ncbi-pathogen-assemblies/Pseudomonas_aeruginosa/619/033/DAFSDG010000040.1.fna.gz	gs://ncbi-pathogen-proteins/HBP/612/375/HBP6123753.1.faa.gz
Pseudomonas aeruginosa	EIU4816920.1	SAMN18313852	PDT000985228.1	ABEUPX010000128.1	12830	13618	+	blaOXA-488	OXA-50 family oxacillin-hydrolyzing class D beta-lactamase OXA-488	AMR	core	AMR	BETA-LACTAM	BETA-LACTAM	ALLELEP	100	100	Pseudomonas aeruginosa	Pseudomonas_aeruginosa_2021CK-00665	NA	262	262	262	NF000432.2	OXA-50 family oxacillin-hydrolyzing class D beta-lactamase	USA	urine	clinical	Homo sapiens	GCA_021665115.1	2020-11-04	SRR13965475	WP_003097028.1	OXA-50 family oxacillin-hydrolyzing class D beta-lactamase OXA-488	1.39766	239	171	3.10.18	COMBINED	2021-12-21.1	83247336	gs://ncbi-pathogen-assemblies/Pseudomonas_aeruginosa/985/228/ABEUPX010000128.1.fna.gz	gs://ncbi-pathogen-proteins/EIU/481/692/EIU4816920.1.faa.gz
Pseudomonas aeruginosa	HCR1403914.1	SAMN31263445	PDT001471568.1	DAJRTV010000018.1	56841	57629	+	blaOXA-488	OXA-50 family oxacillin-hydrolyzing class D beta-lactamase OXA-488	AMR	core	AMR	BETA-LACTAM	BETA-LACTAM	ALLELEP	100	100	Pseudomonas aeruginosa	AUSMDU00011895	NA	262	262	262	NF000432.2	OXA-50 family oxacillin-hydrolyzing class D beta-lactamase	Australia: Victoria	NA	clinical	Homo sapiens	GCA_025921605.1	2018	SRR21884603	WP_003097028.1	OXA-50 family oxacillin-hydrolyzing class D beta-lactamase OXA-488	1.38462	126	91	3.10.42	COMBINED	2022-10-11.2	97976926	gs://ncbi-pathogen-assemblies/Pseudomonas_aeruginosa/1471/568/DAJRTV010000018.1.fna.gz	gs://ncbi-pathogen-proteins/HCR/140/391/HCR1403914.1.faa.gz
Pseudomonas aeruginosa	NA	SAMN16982603	PDT000923431.1	JAEICH010000012.1	100263	101048	+	blaOXA-488	OXA-50 family oxacillin-hydrolyzing class D beta-lactamase OXA-488	AMR	core	AMR	BETA-LACTAM	BETA-LACTAM	ALLELEX	100	100	Pseudomonas aeruginosa	PSA01055	NA	262	262	262	NA	NA	USA: Pittsburgh, Pennsylvania	sputum	clinical	Homo sapiens	GCA_016341645.1	2019	NA	WP_003097028.1	OXA-50 family oxacillin-hydrolyzing class D beta-lactamase OXA-488	1.07895	41	38	3.10.18	NUCLEOTIDE	2021-12-21.1	82950816	gs://ncbi-pathogen-assemblies/Pseudomonas_aeruginosa/923/431/JAEICH010000012.1.fna.gz	NA
Pseudomonas aeruginosa	HCR1406339.1	SAMN31263445	PDT001471568.1	DAJRTV010000110.1	436	1224	+	blaOXA-488	OXA-50 family oxacillin-hydrolyzing class D beta-lactamase OXA-488	AMR	core	AMR	BETA-LACTAM	BETA-LACTAM	ALLELEP	100	100	Pseudomonas aeruginosa	AUSMDU00011895	NA	262	262	262	NF000432.2	OXA-50 family oxacillin-hydrolyzing class D beta-lactamase	Australia: Victoria	NA	clinical	Homo sapiens	GCA_025921605.1	2018	SRR21884603	WP_003097028.1	OXA-50 family oxacillin-hydrolyzing class D beta-lactamase OXA-488	1.06593	97	91	3.10.42	COMBINED	2022-10-11.2	97976926	gs://ncbi-pathogen-assemblies/Pseudomonas_aeruginosa/1471/568/DAJRTV010000110.1.fna.gz	gs://ncbi-pathogen-proteins/HCR/140/633/HCR1406339.1.faa.gz
Pseudomonas aeruginosa	HCF7512665.1	SAMN27565631	PDT001343630.1	DAHPEI010000015.1	109981	110769	+	blaOXA-488	OXA-50 family oxacillin-hydrolyzing class D beta-lactamase OXA-488	AMR	core	AMR	BETA-LACTAM	BETA-LACTAM	ALLELEP	100	100	Pseudomonas aeruginosa	Pseudomonas aeruginosa ARLG-10288	NA	262	262	262	NF000432.2	OXA-50 family oxacillin-hydrolyzing class D beta-lactamase	USA	urine	clinical	Homo sapiens	GCA_023964375.1	2018	SRR18767922	WP_003097028.1	OXA-50 family oxacillin-hydrolyzing class D beta-lactamase OXA-488	1.24873	246	197	3.10.30	COMBINED	2022-05-26.1	95024996	gs://ncbi-pathogen-assemblies/Pseudomonas_aeruginosa/1343/630/DAHPEI010000015.1.fna.gz	gs://ncbi-pathogen-proteins/HCF/751/266/HCF7512665.1.faa.gz
Pseudomonas aeruginosa	HBP6125816.1	SAMN12768894	PDT000619033.1	DAFSDG010000203.1	1816	2604	+	blaOXA-488	OXA-50 family oxacillin-hydrolyzing class D beta-lactamase OXA-488	AMR	core	AMR	BETA-LACTAM	BETA-LACTAM	ALLELEP	100	100	Pseudomonas aeruginosa	AUSMDU00008506	NA	262	262	262	NF000432.2	OXA-50 family oxacillin-hydrolyzing class D beta-lactamase	Australia	NA	clinical	Homo sapiens	GCA_021708735.1	2017	SRR10127096	WP_003097028.1	OXA-50 family oxacillin-hydrolyzing class D beta-lactamase OXA-488	1.21333	91	75	3.10.18	COMBINED	2021-12-21.1	83269206	gs://ncbi-pathogen-assemblies/Pseudomonas_aeruginosa/619/033/DAFSDG010000203.1.fna.gz	gs://ncbi-pathogen-proteins/HBP/612/581/HBP6125816.1.faa.gz
Pseudomonas aeruginosa	EKS1964825.1	SAMN34105341	PDT001681814.1	ABLKDX010000154.1	3081	3869	+	blaOXA-494	OXA-50 family oxacillin-hydrolyzing class D beta-lactamase OXA-494	AMR	core	AMR	BETA-LACTAM	BETA-LACTAM	ALLELEP	100	100	Pseudomonas aeruginosa	NA	NA	262	262	262	NF000432.2	OXA-50 family oxacillin-hydrolyzing class D beta-lactamase	USA	NA	clinical	Homo sapiens	GCA_029617585.1	2023	SRR24100046	WP_003118452.1	OXA-50 family oxacillin-hydrolyzing class D beta-lactamase OXA-494	1.02424	169	165	3.11.2	COMBINED	2023-02-23.1	105542786	gs://ncbi-pathogen-assemblies/Pseudomonas_aeruginosa/1681/814/ABLKDX010000154.1.fna.gz	gs://ncbi-pathogen-proteins/EKS/196/482/EKS1964825.1.faa.gz
Pseudomonas aeruginosa	NA	SAMN10436221	PDT000906958.1	JADTBZ010000016.1	33910	34695	-	blaOXA-494	OXA-50 family oxacillin-hydrolyzing class D beta-lactamase OXA-494	AMR	core	AMR	BETA-LACTAM	BETA-LACTAM	ALLELEX	100	100	Pseudomonas aeruginosa	PSA00405	NA	262	262	262	NA	NA	USA: Pittsburgh, Pennsylvania	bronch	clinical	Homo sapiens	GCA_015766415.1	2017	NA	WP_003118452.1	OXA-50 family oxacillin-hydrolyzing class D beta-lactamase OXA-494	1.1746	74	63	3.10.18	NUCLEOTIDE	2021-12-21.1	82973666	gs://ncbi-pathogen-assemblies/Pseudomonas_aeruginosa/906/958/JADTBZ010000016.1.fna.gz	NA
Pseudomonas aeruginosa	NA	SAMN10436273	PDT000906906.1	JADTAS010000008.1	112407	113192	+	blaOXA-494	OXA-50 family oxacillin-hydrolyzing class D beta-lactamase OXA-494	AMR	core	AMR	BETA-LACTAM	BETA-LACTAM	ALLELEX	100	100	Pseudomonas aeruginosa	PSA00461	NA	262	262	262	NA	NA	USA: Pittsburgh, Pennsylvania	wound	clinical	Homo sapiens	GCA_015765345.1	2017	NA	WP_003118452.1	OXA-50 family oxacillin-hydrolyzing class D beta-lactamase OXA-494	1.17857	33	28	3.10.18	NUCLEOTIDE	2021-12-21.1	82948466	gs://ncbi-pathogen-assemblies/Pseudomonas_aeruginosa/906/906/JADTAS010000008.1.fna.gz	NA
Pseudomonas aeruginosa	EKS1960759.1	SAMN34105341	PDT001681814.1	ABLKDX010000011.1	162214	163002	+	blaOXA-494	OXA-50 family oxacillin-hydrolyzing class D beta-lactamase OXA-494	AMR	core	AMR	BETA-LACTAM	BETA-LACTAM	ALLELEP	100	100	Pseudomonas aeruginosa	NA	NA	262	262	262	NF000432.2	OXA-50 family oxacillin-hydrolyzing class D beta-lactamase	USA	NA	clinical	Homo sapiens	GCA_029617585.1	2023	SRR24100046	WP_003118452.1	OXA-50 family oxacillin-hydrolyzing class D beta-lactamase OXA-494	1.18182	195	165	3.11.2	COMBINED	2023-02-23.1	105542786	gs://ncbi-pathogen-assemblies/Pseudomonas_aeruginosa/1681/814/ABLKDX010000011.1.fna.gz	gs://ncbi-pathogen-proteins/EKS/196/075/EKS1960759.1.faa.gz
Pseudomonas aeruginosa	WP_033989974.1	SAMN34441163	PDT001730359.1	NZ_JASAQG010000012.1	162147	162935	+	blaOXA-846	OXA-50 family oxacillin-hydrolyzing class D beta-lactamase OXA-846	AMR	core	AMR	BETA-LACTAM	BETA-LACTAM	ALLELEP	100	100	Pseudomonas aeruginosa	2-84	NA	262	262	262	NF000432.2	OXA-50 family oxacillin-hydrolyzing class D beta-lactamase	China: Beijing, Dongcheng	Chicken meat	environmental/other	NA	GCA_029988355.1	2020	NA	WP_033989974.1	OXA-50 family oxacillin-hydrolyzing class D beta-lactamase OXA-846	NA	NA	NA	3.11.14	COMBINED	2023-04-17.1	106178546	gs://ncbi-pathogen-assemblies/Pseudomonas_aeruginosa/1730/359/NZ_JASAQG010000012.1.fna.gz	gs://ncbi-pathogen-proteins/WP_/033/989/WP_033989974.1.faa.gz
Pseudomonas aeruginosa	HCF6239122.1	SAMN27566388	PDT001343807.1	DAHOWO010000105.1	19128	19916	+	blaOXA-846	OXA-50 family oxacillin-hydrolyzing class D beta-lactamase OXA-846	AMR	core	AMR	BETA-LACTAM	BETA-LACTAM	ALLELEP	100	100	Pseudomonas aeruginosa	Pseudomonas aeruginosa ARLG-9764	NA	262	262	262	NF000432.2	OXA-50 family oxacillin-hydrolyzing class D beta-lactamase	China	respiratory	clinical	Homo sapiens	GCA_023960335.1	2019	SRR18768099	WP_033989974.1	OXA-50 family oxacillin-hydrolyzing class D beta-lactamase OXA-846	1.40805	245	174	3.10.30	COMBINED	2022-05-26.1	95023696	gs://ncbi-pathogen-assemblies/Pseudomonas_aeruginosa/1343/807/DAHOWO010000105.1.fna.gz	gs://ncbi-pathogen-proteins/HCF/623/912/HCF6239122.1.faa.gz
Pseudomonas aeruginosa	HCF6236957.1	SAMN27566388	PDT001343807.1	DAHOWO010000014.1	112687	113475	+	blaOXA-846	OXA-50 family oxacillin-hydrolyzing class D beta-lactamase OXA-846	AMR	core	AMR	BETA-LACTAM	BETA-LACTAM	ALLELEP	100	100	Pseudomonas aeruginosa	Pseudomonas aeruginosa ARLG-9764	NA	262	262	262	NF000432.2	OXA-50 family oxacillin-hydrolyzing class D beta-lactamase	China	respiratory	clinical	Homo sapiens	GCA_023960335.1	2019	SRR18768099	WP_033989974.1	OXA-50 family oxacillin-hydrolyzing class D beta-lactamase OXA-846	1.41954	247	174	3.10.30	COMBINED	2022-05-26.1	95023696	gs://ncbi-pathogen-assemblies/Pseudomonas_aeruginosa/1343/807/DAHOWO010000014.1.fna.gz	gs://ncbi-pathogen-proteins/HCF/623/695/HCF6236957.1.faa.gz
Pseudomonas aeruginosa	NA	SAMN10436155	PDT000903901.1	JADSMI010000004.1	101677	102462	-	blaOXA-847	OXA-50 family oxacillin-hydrolyzing class D beta-lactamase OXA-847	AMR	core	AMR	BETA-LACTAM	BETA-LACTAM	ALLELEX	100	100	Pseudomonas aeruginosa	PSA00330	NA	262	262	262	NA	NA	USA: Pittsburgh, Pennsylvania	sputum	clinical	Homo sapiens	GCA_015733295.1	2017	NA	WP_010793618.1	OXA-50 family oxacillin-hydrolyzing class D beta-lactamase OXA-847	1.18421	45	38	3.10.18	NUCLEOTIDE	2021-12-21.1	83006906	gs://ncbi-pathogen-assemblies/Pseudomonas_aeruginosa/903/901/JADSMI010000004.1.fna.gz	NA
Pseudomonas aeruginosa	HDQ8630259.1	SAMN28905168	PDT001684381.1	DAOGCT010000006.1	161982	162770	+	blaOXA-847	OXA-50 family oxacillin-hydrolyzing class D beta-lactamase OXA-847	AMR	core	AMR	BETA-LACTAM	BETA-LACTAM	ALLELEP	100	100	Pseudomonas aeruginosa	CFRL18	NA	262	262	262	NF000432.2	OXA-50 family oxacillin-hydrolyzing class D beta-lactamase	USA:New Hampshire	bronchoalveolar lavage fluid	clinical	Homo sapiens	GCA_029632225.1	2015/2018	SRR19575280	WP_010793618.1	OXA-50 family oxacillin-hydrolyzing class D beta-lactamase OXA-847	1.17895	336	285	3.11.2	COMBINED	2023-02-23.1	105549206	gs://ncbi-pathogen-assemblies/Pseudomonas_aeruginosa/1684/381/DAOGCT010000006.1.fna.gz	gs://ncbi-pathogen-proteins/HDQ/863/025/HDQ8630259.1.faa.gz
Pseudomonas aeruginosa	HDQ8632780.1	SAMN28905168	PDT001684381.1	DAOGCT010000042.1	33074	33862	+	blaOXA-847	OXA-50 family oxacillin-hydrolyzing class D beta-lactamase OXA-847	AMR	core	AMR	BETA-LACTAM	BETA-LACTAM	ALLELEP	100	100	Pseudomonas aeruginosa	CFRL18	NA	262	262	262	NF000432.2	OXA-50 family oxacillin-hydrolyzing class D beta-lactamase	USA:New Hampshire	bronchoalveolar lavage fluid	clinical	Homo sapiens	GCA_029632225.1	2015/2018	SRR19575280	WP_010793618.1	OXA-50 family oxacillin-hydrolyzing class D beta-lactamase OXA-847	1.15789	330	285	3.11.2	COMBINED	2023-02-23.1	105549206	gs://ncbi-pathogen-assemblies/Pseudomonas_aeruginosa/1684/381/DAOGCT010000042.1.fna.gz	gs://ncbi-pathogen-proteins/HDQ/863/278/HDQ8632780.1.faa.gz
Pseudomonas aeruginosa	WP_019485147.1	SAMN12162696	PDT000540488.1	NZ_VIIF01000014.1	97682	98470	-	blaOXA-848	OXA-50 family oxacillin-hydrolyzing class D beta-lactamase OXA-848	AMR	core	AMR	BETA-LACTAM	BETA-LACTAM	ALLELEP	100	100	Pseudomonas aeruginosa	PASP368	NA	262	262	262	NF000432.2	OXA-50 family oxacillin-hydrolyzing class D beta-lactamase	Spain	blood	clinical	Homo sapiens	GCA_006704885.1	2008	NA	WP_019485147.1	OXA-50 family oxacillin-hydrolyzing class D beta-lactamase OXA-848	NA	NA	NA	3.10.40	COMBINED	2022-08-09.1	96986606	gs://ncbi-pathogen-assemblies/Pseudomonas_aeruginosa/540/488/NZ_VIIF01000014.1.fna.gz	gs://ncbi-pathogen-proteins/WP_/019/485/WP_019485147.1.faa.gz
Pseudomonas aeruginosa	NA	SAMN10436375	PDT000906822.1	JADTEI010000005.1	112476	113261	+	blaOXA-905	OXA-50 family oxacillin-hydrolyzing class D beta-lactamase OXA-905	AMR	core	AMR	BETA-LACTAM	BETA-LACTAM	ALLELEX	100	100	Pseudomonas aeruginosa	PSA00565	NA	262	262	262	NA	NA	USA: Pittsburgh, Pennsylvania	urine	clinical	Homo sapiens	GCA_015763645.1	2017	NA	WP_003161096.1	OXA-50 family oxacillin-hydrolyzing class D beta-lactamase OXA-905	1.07692	42	39	3.10.18	NUCLEOTIDE	2021-12-21.1	82991076	gs://ncbi-pathogen-assemblies/Pseudomonas_aeruginosa/906/822/JADTEI010000005.1.fna.gz	NA
Pseudomonas aeruginosa	HCF6239181.1	SAMN27566388	PDT001343807.1	DAHOWO010000109.1	743	1609	+	blaCARB-2	PSE family carbenicillin-hydrolyzing class A beta-lactamase CARB-2	AMR	core	AMR	BETA-LACTAM	BETA-LACTAM	ALLELEP	100	100	Pseudomonas aeruginosa	Pseudomonas aeruginosa ARLG-9764	NA	288	288	288	NF000480.2	PSE family carbenicillin-hydrolyzing class A beta-lactamase	China	respiratory	clinical	Homo sapiens	GCA_023960335.1	2019	SRR18768099	WP_001931474.1	PSE family carbenicillin-hydrolyzing class A beta-lactamase CARB-2	1.02874	179	174	3.10.30	COMBINED	2022-05-26.1	95023696	gs://ncbi-pathogen-assemblies/Pseudomonas_aeruginosa/1343/807/DAHOWO010000109.1.fna.gz	gs://ncbi-pathogen-proteins/HCF/623/918/HCF6239181.1.faa.gz
Pseudomonas aeruginosa	HCF6237021.1	SAMN27566388	PDT001343807.1	DAHOWO010000015.1	702	1568	+	blaCARB-2	PSE family carbenicillin-hydrolyzing class A beta-lactamase CARB-2	AMR	core	AMR	BETA-LACTAM	BETA-LACTAM	ALLELEP	100	100	Pseudomonas aeruginosa	Pseudomonas aeruginosa ARLG-9764	NA	288	288	288	NF000480.2	PSE family carbenicillin-hydrolyzing class A beta-lactamase	China	respiratory	clinical	Homo sapiens	GCA_023960335.1	2019	SRR18768099	WP_001931474.1	PSE family carbenicillin-hydrolyzing class A beta-lactamase CARB-2	1.13218	197	174	3.10.30	COMBINED	2022-05-26.1	95023696	gs://ncbi-pathogen-assemblies/Pseudomonas_aeruginosa/1343/807/DAHOWO010000015.1.fna.gz	gs://ncbi-pathogen-proteins/HCF/623/702/HCF6237021.1.faa.gz
Pseudomonas aeruginosa	WP_023107469.1	SAMN10822013	PDT000460163.1	NZ_SDVQ01000006.1	155380	156168	-	blaOXA-1032	OXA-50 family oxacillin-hydrolyzing class D beta-lactamase OXA-1032	AMR	core	AMR	BETA-LACTAM	BETA-LACTAM	ALLELEP	100	100	Pseudomonas aeruginosa	M59	NA	262	262	262	NF000432.2	OXA-50 family oxacillin-hydrolyzing class D beta-lactamase	Mexico: Cuatro Cienegas	surface water	NA	NA	GCA_004123415.1	2011-10	NA	WP_023107469.1	OXA-50 family oxacillin-hydrolyzing class D beta-lactamase OXA-1032	NA	NA	NA	3.11.2	COMBINED	2023-02-23.1	105109566	gs://ncbi-pathogen-assemblies/Pseudomonas_aeruginosa/460/163/NZ_SDVQ01000006.1.fna.gz	gs://ncbi-pathogen-proteins/WP_/023/107/WP_023107469.1.faa.gz
